Page,Column,transcription,Points,quoc_ngu_groundtruth
5,0,鴉十一章告子王,"[(358, 113), (394, 413)]",Đệ Thập Nhất Chương Cáo Tử Thượng
5,1,告子曰,"[(310, 65), (351, 192)]",1 Cáo Tử Viết
5,2,性猶𢩽柳也,"[(265, 66), (304, 281)]",Tính Do Kỷ Liễu Dã
5,3,義猶橋梞也,"[(219, 64), (259, 282)]",Nghĩa Do Bôi Quyền Dã
5,4,以人性爲人義,"[(179, 71), (214, 330)]",Dĩ Nhân Tính Vi Nhân Nghĩa
5,5,猶以𢩽柳爲橋椿,"[(130, 68), (170, 375)]",Do Dĩ Kỷ Liễu Vi Bôi Quyền
5,6,孟子曰,"[(85, 63), (130, 194)]",Mạnh Tử Viết
5,7,子能順𢩽柳之性,"[(44, 69), (81, 369)]",Tử Năng Thuận Kỷ Liễu Chi Tính
7,0,而以爲橋乎,"[(355, 62), (395, 316)]",Nhi Dĩ Vi Bôi Quyền Hồ
7,1,將戎賊𢩽柳,"[(307, 58), (349, 282)]",Tương Tường Tặc Kỷ Liễu
7,2,而役以爲橋椿也,"[(269, 64), (299, 362)]",Nhi Hậu Dĩ Vi Bôi Quyền Dã
7,3,如將𦋦賊𢩽柳,"[(218, 60), (257, 316)]",Như Tương Tường Tặc Kỷ Liễu
7,4,而以爲橋椿,"[(178, 63), (212, 272)]",Nhi Dĩ Vi Bôi Quyền
7,5,則亦將𦋦賊人,"[(129, 59), (169, 321)]",Tắc Diệc Tương Tường Tặc Nhân
7,6,以爲人義與,"[(84, 60), (123, 280)]",Dĩ Vi Nhân Nghĩa Dư
7,7,率天下之人而禍仁義者,"[(42, 57), (78, 503)]",Suất Thiên Hạ Chi Nhân Nhi Họa Nhân Nghĩa Giả
9,0,必子之言夫,"[(353, 64), (390, 283)]",Tất Tử Chi Ngôn Phù
9,1,告子曰,"[(308, 61), (351, 192)]",2 Cáo Tử Viết
9,2,性猫湍永也,"[(266, 63), (303, 276)]",Tính Do Khoan Thủy Dã
9,3,决諸東方則東流,"[(222, 65), (253, 363)]",Quyết Chư Đông Phương Tắc Đông Lưu
9,4,决諸西方則西流,"[(178, 65), (211, 366)]",Quyết Chư Tây Phương Tắc Tây Lưu
9,5,人性之無分於善不善也,"[(135, 68), (165, 497)]",Nhân Tính Chi Vô Phân Ư Thiện Bất Thiện Dã
9,6,猶氷之無分於東西也,"[(88, 65), (121, 452)]",Do Thủy Chi Vô Phân Ư Đông Tây Dã
9,7,孟子曰,"[(41, 60), (82, 191)]",Mạnh Tử Viết
11,0,水信無分於東西,"[(353, 58), (390, 355)]",Thủy Tín Vô Phân Ư Đông Tây
11,1,無分於主丁乎,"[(309, 59), (346, 324)]",Vô Phân Ư Thượng Hạ Hồ
11,2,人性之善也,"[(267, 62), (301, 270)]",Nhân Tính Chi Thiện Dã
11,3,猶水之就下也,"[(217, 57), (259, 317)]",Do Thủy Chi Tựu Hạ Dã
11,4,人無有不善,"[(176, 60), (212, 272)]",Nhân Vô Hữu Bất Thiện
11,5,永無有不仁,"[(133, 60), (167, 274)]",Thủy Vô Hữu Bất Hạ
11,6,呐夫水博兒𨃴之,"[(85, 56), (125, 358)]",Kim Phù Thủy Bác Nhi Dược Chi
11,7,可使過類,"[(39, 57), (82, 238)]",Khả Sử Quá Tảng
13,0,激而行之,"[(348, 58), (395, 239)]",Kích Nhi Hành Chi
13,1,呵使在山,"[(303, 60), (348, 234)]",Khả Sử Tại Sơn
13,2,是𡸈水之性哉,"[(263, 61), (303, 326)]",Thị Khởi Thủy Chi Tính Tai
13,3,其势則然也,"[(218, 61), (259, 278)]",Kỳ Thế Tắc Nhiên Dã
13,4,人之可使爲不善,"[(175, 63), (215, 370)]",Nhân Chi Khả Sử Vi Bất Thiện
13,5,其性亦猶是也,"[(128, 60), (169, 323)]",Kỳ Tính Diệc Do Thị Dã
13,6,告子曰,"[(87, 64), (122, 188)]",3 Cáo Tử Viết
13,7,生之謂性,"[(38, 60), (81, 235)]",Sinh Chi Vị Tính
15,0,孟子曰,"[(351, 54), (393, 185)]",Mạnh Tử Viết
15,1,生之調性也,"[(309, 58), (346, 270)]",Sinh Chi Vị Tính Dã
15,2,猶白之調白期,"[(260, 55), (300, 317)]",Do Bạch Chi Vị Bạch Dư
15,3,曰然,"[(223, 62), (256, 140)]",Viết Nhiên
15,4,白羽之白也,"[(177, 60), (214, 272)]",Bạch Vũ Chi Bạch Dã
15,5,猶白雪之白,"[(127, 56), (172, 271)]",Do Bạch Tuyết Chi Bạch
15,6,白雪之白,"[(84, 56), (124, 227)]",Bạch Tuyết Chi Bạch
15,7,猶白玉之白欺,"[(43, 58), (79, 317)]",Do Bạch Ngọc Chi Bạch Dư
17,0,曰然一,"[(355, 61), (394, 153)]",Viết Nhiên
17,1,然則犬之性猶半之悭,"[(310, 59), (352, 453)]",Nhiên Tắc Khuyển Chi Tính Do Ngưu Chi Tính
17,2,半之性猶人之性歟,"[(263, 59), (306, 413)]",Ngưu Chi Tính Do Nhân Chi Tính Dư
17,3,告子曰,"[(222, 61), (262, 186)]",4 Cáo Tử Viết
17,4,食包性也,"[(174, 59), (221, 280)]",Tự Sắc Tính Dã
17,5,仁凶也非外也,"[(126, 55), (175, 366)]",Nhân Nội Dã Phi Ngoại Dã
17,6,義外一也非凶也,"[(84, 55), (129, 370)]",Nghĩa Ngoại Dã Phi Nội Dã
17,7,孟子曰,"[(40, 57), (85, 188)]",Mạnh Tử Viết
19,0,何以謂仁凶義外也,"[(356, 60), (389, 414)]",Khả Dĩ Vị Nhân Nội Nghĩa Ngoại Dã
19,1,曰彼長而我長之,"[(315, 64), (345, 355)]",Viết Bỉ Trưởng Nhi Ngã Trưởng Chi
19,2,排育長於我也,"[(268, 60), (301, 315)]",Phi Hữu Trưởng Ư Ngã Dã
19,3,猶彼白而我白之,"[(221, 59), (257, 358)]",Do Bỉ Bạch Nhi Ngã Bạch Chi
19,4,從其白於外也,"[(177, 58), (214, 317)]",Tòng Kỳ Bạch Ư Ngoại Dã
19,5,故謂之外也,"[(134, 61), (167, 274)]",Cố Vị Chi Ngoại Dã
19,6,曰異於白馬之自也,"[(91, 65), (120, 400)]",Viết Dị Ư Bạch Mã Chi Bạch Dã
19,7,無以異於白人一之白也,"[(47, 59), (77, 446)]",Vô Dĩ Dị Ư Bạch Nhân Chi Bạch Dã
21,0,不誠長馬之長也,"[(358, 62), (388, 357)]",Bất Thức Trưởng Mã Chi Trưởng Dã
21,1,無以異於長人之長寧,"[(315, 61), (346, 450)]",Vô Dĩ Dị Ư Trưởng Nhân Chi Trưởng Dư
21,2,旦謂長者義乎,"[(267, 62), (302, 328)]",Thả Vị Trưởng Giả Nghĩa Hồ
21,3,長之者義乎,"[(223, 59), (256, 274)]",Trưởng Chi Giả Nghĩa Hồ
21,4,曰吾弟則愛之,"[(177, 63), (212, 313)]",Viết Ngô Đệ Tắc Ái Chi
21,5,秦人之弟則不愛也,"[(135, 59), (165, 401)]",Tần Nhân Chi Đệ Tắc Bất Ái Dã
21,6,是以我爲悅者也,"[(89, 58), (122, 359)]",Thị Dĩ Ngã Vi Duyệt Giả Dã
21,7,故謂之内,"[(44, 59), (79, 228)]",Cố Vị Chi Nội
23,0,長楚人之長,"[(357, 58), (391, 273)]",Trưởng Sở Nhân Chi Trưởng
23,1,亦長吾之長,"[(312, 58), (346, 271)]",Diệc Trưởng Ngô Chi Trưởng
23,2,是以長爲脱者也,"[(269, 59), (302, 358)]",Thị Dĩ Trưởng Vi Duyệt Giả Dã
23,3,故謂之外也,"[(222, 60), (256, 271)]",Cố Vị Chi Ngoại Dã
23,4,曰啫秦人之多,"[(177, 62), (213, 320)]",Viết Thị Tần Nhân Chi Chá
23,5,無以異於嗜吾多,"[(132, 59), (167, 363)]",Vô Dĩ Di Ư Thị Ngô Chá
23,6,夫物則亦有然者也,"[(90, 60), (120, 403)]",Phù Vật Tắc Diệc Hữu Nhiên Giả Dã
23,7,然則嗜災亦有外與,"[(44, 57), (80, 409)]",Nhiên Tắc Thị Chá Diệc Hữu Ngoại Dư
25,0,孟李子問公都子曰,"[(354, 71), (393, 415)]",5 Mạnh Quý Tử Vấn Công Đô Tử Viết
25,1,何以調義呐尼,"[(309, 63), (349, 328)]",Khả Dĩ Vị Nghĩa Nội Dã
25,2,曰行吾敬,"[(267, 72), (301, 241)]",Viết Hành Ngô Kính
25,3,故謂之凶也,"[(219, 68), (259, 283)]",Cố Vị Chi Nội Dã
25,4,鄕人長於伯兄一歲,"[(178, 71), (214, 426)]",Hương Nhân Trưởng Ư Bá Huynh Nhất Tuế
25,5,則誰敬,"[(130, 66), (171, 196)]",Tắc Thùy Kính
25,6,曰敬兄,"[(87, 70), (126, 210)]",Viết Kính Huynh
25,7,酌則誰先,"[(44, 70), (80, 239)]",Chước Tắc Thùy Tiên
27,0,旦先酌鄕人,"[(346, 57), (394, 286)]",Viết Tiên Chước Hương Nhân
27,1,所敬在此所長在彼,"[(300, 54), (354, 457)]",Sở Kính Tại Thử Sở Trưởng Tại Bỉ
27,2,果在外非由呐也,"[(263, 55), (303, 403)]",Quả Tại Ngoại Phi Do Nội Dã
27,3,公都子不能答,"[(218, 55), (256, 316)]",Công Đô Tử Bất Năng Đáp
27,4,以告孟子,"[(179, 61), (212, 225)]",Dĩ Cáo Mạnh Tử
27,5,孟子曰,"[(130, 55), (171, 184)]",Mạnh Tử Viết
27,6,敬叔父乎,"[(84, 54), (125, 232)]",Kính Thúc Phụ Hồ
27,7,敬弟乎,"[(44, 56), (79, 183)]",Kính Đệ Hồ
29,0,彼將曰敬叔父,"[(349, 52), (394, 368)]",Bỉ Tương Viết Kính Thúc Phụ
29,1,日弟爲尸則誰敬,"[(306, 61), (349, 415)]",Viết Đệ Vi Thi Tắc Thùy Kính
29,2,彼將曰敬弟,"[(260, 54), (306, 328)]",Bỉ Tương Viết Kính Đệ
29,3,子曰,"[(219, 55), (260, 136)]",Tử Viết
29,4,惡在其敬叔父也,"[(177, 59), (213, 366)]",Ô Tại Kỳ Kính Thúc Phụ Dã
29,5,彼將曰在位故也,"[(126, 54), (172, 404)]",Bỉ Tương Viết Tại Vị Cố Dã
29,6,子亦曰在位故也,"[(82, 54), (127, 408)]",Tử Diệc Viết Tại Vị Cố Dã
29,7,庸敬在兄,"[(44, 57), (74, 234)]",Dung Kính Tại Huynh
31,0,斯須之敬在鄕人,"[(351, 57), (393, 372)]",Tư Tu Chi Kính Tại Hương Nhân
31,1,李子󰘇之同,"[(313, 62), (345, 269)]",Quý Tử Văn Chi Viết
31,2,敬叔父則敬,"[(263, 61), (304, 274)]",Kính Thúc Phụ Tắc Kính
31,3,敬弟則敬,"[(217, 59), (258, 234)]",Kính Đệ Tắc Kính
31,4,果在外非由呐也,"[(175, 59), (216, 411)]",Quá Tại Ngoại Phi Do Nội Dã
31,5,公都子曰,"[(130, 58), (171, 232)]",Công Đô Tử Viết
31,6,冬日則飲湯,"[(86, 58), (123, 278)]",Đông Nhật Tắc Ẩm Thang
31,7,夏日則水,"[(46, 61), (76, 276)]",Hạ Nhật Tắc Ẩm Thủy
33,0,然則歆食永在外也,"[(351, 59), (393, 413)]",Nhiên Tắc Ẩm Thực Diệc Tại Ngoại Dã
33,1,公都子曰,"[(309, 64), (350, 234)]",6 Công Đô Tử Viết
33,2,告子曰,"[(263, 61), (305, 193)]",Cáo Tử Viết
33,3,性無善無不善也,"[(218, 64), (257, 366)]",Tính Vô Thiện Vô Bất Thiện Dã
33,4,或曰,"[(176, 62), (217, 145)]",Hoặc Viết
33,5,性呵以爲善,"[(132, 65), (169, 281)]",Tính Khả Dĩ Vi Thiện
33,6,可以爲不善,"[(88, 64), (122, 276)]",Khả Dĩ Vi Bất Thiện
33,7,是故文武興則民好善,"[(43, 62), (79, 457)]",Thị Cố Văn Võ Hưng Tắc Dân Hảo Thiện
35,0,幽厲興𧴤民好暴,"[(356, 60), (389, 362)]",U Lệ Hưng Tắc Dân Hảo Bạo
35,1,或曰,"[(311, 55), (350, 140)]",Hoặc Viết
35,2,有性善有性不善,"[(262, 53), (306, 407)]",Hữu Tính Thiện Hữu Tính Bất Thiện
35,3,是故以堯爲君而有象,"[(219, 56), (257, 454)]",Thị Cố Dĩ Nghiêu Vi Quân Nhi Hữu Tượng
35,4,以贅腹爲父而有舜,"[(178, 63), (211, 406)]",Dĩ Cổ Tẩu Vi Phụ Nhi Hữu Thuấn
35,5,以紂爲兄之子旦以爲君,"[(132, 63), (168, 505)]",Dĩ Trụ Vi Huynh Chi Tử Thả Dĩ Vi Quân
35,6,而有微子欣,"[(87, 59), (124, 273)]",Nhi Hữu Vi Tử Khởi
35,7,王子北󰡰,"[(44, 61), (78, 229)]",Vương Tử Tỷ Can
37,0,令曰性善,"[(351, 51), (392, 232)]",Kim Viết Tính Thiện
37,1,然則彼皆非與,"[(302, 52), (351, 327)]",Nhiên Tắc Bỉ Giai Phi Dư
37,2,孟子曰,"[(267, 60), (301, 183)]",Mạnh Tử Viết
37,3,乃苦其情則呵以爲善矣,"[(219, 60), (258, 505)]",Nãi Nhược Kỳ Tính Tắc Khả Dĩ Vi Thiện Hỹ
37,4,乃所謂善也,"[(180, 63), (210, 271)]",Nãi Sở Vị Thiện Dã
37,5,苦夫爲不善,"[(130, 58), (169, 276)]",Nhược Phù Vi Bất Thiện
37,6,非才之罪也,"[(88, 59), (122, 271)]",Phi Tài Chi Tội Dã
37,7,惻隐之心人皆育之,"[(44, 59), (77, 446)]",Trắc Ẩn Chi Tâm Nhân Giai Hữu Chi
39,0,差惡之心人皆有之,"[(350, 53), (396, 447)]",Tu Ố Chi Tâm Nhân Giai Hữu Chi
39,1,恭敬之心人皆有之,"[(305, 53), (352, 446)]",Cung Kính Chi Tâm Nhân Giai Hữu Chi
39,2,是非之心人皆有之,"[(265, 56), (304, 448)]",Thị Phi Chi Tâm Nhân Giai Hữu Chi
39,3,𢜠隐之心仁也,"[(214, 56), (265, 367)]",Trắc Ẩn Chi Tâm Nhân Dã
39,4,羞惡之心義也,"[(172, 55), (217, 365)]",Tu Ố Chi Tâm Nghĩa Dã
39,5,恭敬之心禮也,"[(128, 54), (172, 363)]",Cung Kính Chi Tâm Lễ Dã
39,6,是非之心智也,"[(81, 56), (128, 367)]",Thị Phi Chi Tâm Trí Dã
39,7,人義禮智,"[(43, 60), (77, 230)]",Nhân Nghĩa Lễ Trí
41,0,非由外鑅我也,"[(347, 54), (396, 315)]",Phi Do Ngoại Thước Ngã Dã
41,1,我固育之也,"[(309, 59), (345, 271)]",Ngã Cố Hữu Chi Dã
41,2,𧖱思耳矣,"[(262, 54), (305, 234)]",Phất Tư Nhĩ Hỹ
41,3,故曰,"[(220, 53), (261, 140)]",Cố Viết
41,4,求則得之舍則失之,"[(173, 55), (217, 448)]",Cầu Tắc Đắc Chi Xả Tắc Thất Chi
41,5,或相倍𥱰而無算者,"[(132, 59), (167, 406)]",Hoặc Tương Bội Tỷ Nhi Vô Toán Giả
41,6,不能盡其才者也,"[(86, 58), (122, 361)]",Bất Năng Tận Kỳ Tài Giả Dã
41,7,詩曰,"[(46, 58), (79, 139)]",Thi Viết
43,0,夭生蒸民有物有則,"[(353, 58), (392, 450)]",Thiên Sinh Chưng Dân Hữu Vật Hữu Tắc
43,1,民之秉尋好是懿德,"[(306, 58), (349, 453)]",Dân Chi Bỉnh Di Hảo Thị Ý Đức
43,2,孔子曰,"[(261, 56), (306, 186)]",Khổng Tử Viết
43,3,爲此詩者,"[(217, 53), (261, 229)]",Vi Thử Thi Giả
43,4,其知道乎,"[(177, 56), (215, 226)]",Kỳ Tri Đạo Hồ
43,5,故有物有則,"[(130, 60), (166, 320)]",Cố Hữu Vật Tất Hữu Tắc
43,6,民之秉尋也,"[(89, 62), (122, 270)]",Dân Chi Bỉnh Di Dã
43,7,故好是懿德,"[(44, 60), (78, 273)]",Cố Hảo Thị Ý Đức
45,0,孟子曰,"[(354, 65), (394, 196)]",7 Mạnh Tử Viết
45,1,富歳子弟多頼,"[(312, 65), (348, 371)]",Phú Tuế Tử Đệ Đa Lại
45,2,兕歳子弟多暴,"[(265, 66), (305, 374)]",Hung Tuế Tử Đệ Đa Bạo
45,3,排夭之降才濁珠也,"[(223, 68), (256, 413)]",Phi Thiên Chi Giáng Tài Nhĩ Thù Dã
45,4,其所以陷溺其心者然也,"[(181, 70), (211, 507)]",Kỳ Sở Dĩ Hãm Nịch Kỳ Tâm Giả Nhiên Dã
45,5,令夫蜂𡎢,"[(131, 65), (171, 243)]",Kim Phù Mâu Mạch
45,6,播󰡔而料之,"[(87, 67), (124, 280)]",Bá Chủng Nhi Ưu Chi
45,7,其地同對之時又同,"[(44, 68), (80, 465)]",Kỳ Địa Đồng Thụ Chi Thời Hựu Đồng
47,0,浡然面生,"[(351, 54), (394, 232)]",Bột Nhiên Nhi Sinh
47,1,至於日屋之時,"[(299, 53), (354, 318)]",Chí Ư Nhật Chí Chi Thời
47,2,階恝矣,"[(264, 56), (302, 188)]",Giai Thục Hỹ
47,3,雖有不同,"[(218, 57), (258, 232)]",Tuy Hữu Bất Đồng
47,4,則地有肥硯,"[(174, 59), (214, 277)]",Tắc Địa Hữu Phì Nghiêu
47,5,雨露之養,"[(131, 59), (168, 235)]",Vũ Lộ Chi Dưỡng
47,6,人事之不齊也,"[(85, 58), (125, 318)]",Nhân Sự Chi Bất Tề Dã
47,7,故凡同類者,"[(43, 58), (80, 271)]",Cố Phàm Đồng Loại Giả
49,0,𦊚相似也,"[(350, 51), (394, 223)]",Cử Tương Tự Dã
49,1,何獨至於人而疑之,"[(305, 55), (347, 406)]",Hà Độc Chí Ư Nhân Nhi Nghi Chi
49,2,聖人興我同類者,"[(269, 62), (298, 357)]",Thánh Nhân Dữ Ngã Đồng Loại Giả
49,3,故龍子曰,"[(220, 58), (257, 225)]",Cố Long Tử Viết
49,4,不知足而爲屡,"[(180, 62), (210, 317)]",Bất Tri Túc Nhi Vi Lũ
49,5,我知其不爲蕢也,"[(132, 59), (167, 358)]",Ngã Tri Kỳ Bất Vi Quĩ Dã
49,6,属之相似,"[(84, 53), (124, 232)]",Lũ Chi Tương Tự
49,7,夭下之足同也,"[(45, 58), (78, 313)]",Thiên Hạ Chi Túc Đồng Dã
51,0,口之於味有同啫也,"[(349, 60), (394, 453)]",Khẩu Chi Ư Vị Hữu Đồng Thị Dã
51,1,易牙先得我口,"[(312, 59), (345, 323)]",Dịch Nha Tiên Đắc Ngã Khẩu
51,2,之所嗜者也,"[(266, 62), (300, 271)]",Chi Sở Thị Giả Dã
51,3,如使口之於味也,"[(218, 60), (258, 360)]",Như Sử Khẩu Chi Ư Vị Dã
51,4,其性輿人珠,"[(180, 61), (210, 273)]",Kỳ Tính Dữ Nhân Thù
51,5,苦犬馬之興我不同類也,"[(135, 63), (165, 492)]",Nhược Khuyển Mã Chi Dữ Ngã Bất Đồng Loại Dã
51,6,則天一何啫㗂從,"[(85, 60), (121, 363)]",Tắc Thiên Hạ Hà Thị Giai Tòng
51,7,易永之於味也,"[(46, 58), (75, 318)]",Dịch Nha Chi Ư Vị Dã
53,0,至於咮,"[(351, 55), (395, 189)]",Chí Ư Vị
53,1,天下期於易牙,"[(309, 61), (345, 320)]",Thiên Hạ Kỳ Ư Dịch Nha
53,2,是夭下之口相似也,"[(266, 58), (302, 404)]",Thị Thiên Hạ Chi Khẩu Tương Tựa Dã
53,3,惟耳亦然至於聲,"[(218, 60), (259, 408)]",Duy Nhĩ Diệc Nhiên Chí Ư Thanh
53,4,天下期於師曠,"[(178, 61), (215, 322)]",Thiên Hạ Kỳ Ư Sư Khoáng
53,5,是天下之耳相似也,"[(134, 59), (167, 403)]",Thị Thiên Hạ Chi Nhĩ Tương Tựa Dã
53,6,惟目亦然至於子都,"[(84, 59), (125, 452)]",Duy Mục Diệc Nhiên Chí Ư Tử Đô
53,7,夭下莫不知其妓也,"[(45, 60), (78, 403)]",Thiên Hạ Mạc Bất Như Kỳ Giảo Dã
55,0,不知子都之󰣁者,"[(349, 55), (395, 359)]",Bất Tri Đô Tử Chi Giảo Giả
55,1,無目者也,"[(305, 54), (349, 229)]",Vô Mục Giả Dã
55,2,故曰,"[(261, 56), (306, 140)]",Cố Viết
55,3,口之於味也,"[(215, 60), (261, 274)]",Khẩu Chi Ư Vị Dã
55,4,有同啫焉,"[(175, 57), (213, 231)]",Hữu Đồng Thị Yên
55,5,耳之於聲也,"[(126, 57), (172, 275)]",Nhĩ Chi Ư Thanh Dã
55,6,有同聽焉,"[(84, 54), (124, 232)]",Hữu Đồng Thính Yên
55,7,目之於色也,"[(42, 61), (77, 271)]",Mục Chi Ư Sắc Dã
57,0,有同美焉,"[(348, 52), (394, 233)]",Hữu Đồng Mỹ Yên
57,1,至於心,"[(301, 53), (351, 187)]",Chí Ư Tâm
57,2,獨無所同然乎,"[(258, 54), (305, 322)]",Độc Vô Sở Đồng Nhiên Hồ
57,3,心之所同然者,"[(219, 64), (256, 314)]",Tâm Chi Sở Đồng Nhiên Giả
57,4,何也,"[(170, 55), (218, 149)]",Hà Dã
57,5,謂理也義也,"[(126, 54), (174, 320)]",Vị Lý Dã Nghĩa Dã
57,6,聖人先得我心,"[(78, 55), (129, 319)]",Thánh Nhân Tiên Đắc Ngã Tâm
57,7,之所同然耳,"[(44, 61), (78, 272)]",Chi Sở Đồng Nhiên Nhĩ
59,0,故理義之悅我心,"[(353, 66), (392, 368)]",Cố Lý Nghĩa Chi Duyệt Ngã Tâm
59,1,猶𬗢𡎦之悅我口,"[(310, 65), (350, 373)]",Do Sô Hoạn Chi Duyệt Ngã Khẩu
59,2,孟子曰,"[(267, 68), (302, 194)]",8 Mạnh Tử Viết
59,3,半山之木賞美矣,"[(221, 66), (256, 371)]",Ngưu Sơn Chi Mộc Thường Mỹ Hỹ
59,4,以其郊於夫國也,"[(177, 70), (213, 367)]",Dĩ Kỳ Giao Ư Đại Quốc Dã
59,5,𫫵斤伐之,"[(131, 64), (168, 236)]",Phủ Cân Phạt Chi
59,6,可以爲美乎,"[(88, 70), (122, 284)]",Khả Dĩ Vi Mỹ Hồ
59,7,是其日夜之所息,"[(45, 66), (78, 369)]",Thị Kỳ Nhật Dạ Chi Sở Tức
61,0,雨露之所潤,"[(356, 60), (389, 274)]",Vũ Lộ Chi Sở Nhuận
61,1,排無萌麋之生焉,"[(315, 60), (345, 358)]",Phi Vô Manh Nghiệt Chi Sinh Yên
61,2,半羊又從而牧之,"[(268, 60), (301, 358)]",Ngưu Dương Hựu Tòng Nhi Mục Chi
61,3,是以苦彼濯濯也,"[(222, 57), (258, 360)]",Thị Dĩ Nhược Bỉ Trạc Trạc Dã
61,4,人見其濯濯也,"[(181, 62), (211, 313)]",Nhân Kiến Kỳ Trạc Trạc Dã
61,5,以爲耒賞有材焉,"[(134, 63), (167, 361)]",Dĩ Vi Vị Thường Hữu Tài Yên
61,6,此𡸈山之性也哉,"[(89, 61), (122, 362)]",Thử Khởi Sơn Chi Tính Dã Tai
61,7,雖存乎人者,"[(44, 57), (81, 273)]",Tuy Tồn Hồ Nhân Giả
63,0,宣無仁義之心哉,"[(356, 59), (395, 361)]",Khởi Vô Nhân Nghĩa Chi Tâm Tai
63,1,其所以放其良心者,"[(311, 58), (346, 404)]",Kỳ Sở Dĩ Phòng Kỳ Lương Tâm Giả
63,2,亦猶斧斤之於木也,"[(268, 61), (301, 403)]",Diệc Do Phủ Cân Chi Ư Mộc Dã
63,3,旦旦而伐之,"[(221, 63), (257, 267)]",Đán Đán Nhi Phạt Chi
63,4,呵以爲美乎,"[(179, 61), (212, 275)]",Khả Dĩ Vi Mỹ Hồ
63,5,其日夜之所息,"[(134, 59), (167, 318)]",Kỳ Nhật Dã Chi Sở Tức
63,6,平旦之氣,"[(85, 55), (126, 235)]",Bình Đán Chi Khí
63,7,其好惡典人相𨑮也,"[(44, 57), (81, 405)]",Kỳ Hảo Ố Dữ Nhân Tương Cận Dã
65,0,者錢希,"[(350, 51), (395, 193)]",Giả Ky Hy
65,1,則其旦晝之所爲,"[(308, 59), (347, 363)]",Tắc Kỳ Đán Trú Chi Sở Vi
65,2,有拮亡之矣,"[(262, 56), (303, 276)]",Hữu Cốc Vong Chi Hỹ
65,3,拮之﨤瓊,"[(216, 55), (259, 239)]",Cốc Chi Phản Phúc
65,4,則其夜氣不足以存,"[(177, 59), (212, 406)]",Tắc Kỳ Dạ Khí Bất Túc Dĩ Tồn
65,5,夜氣不足以存,"[(133, 60), (166, 317)]",Dạ Khí Bất Túc Dĩ Tồn
65,6,則其逴禽獸不遠矣,"[(87, 60), (123, 407)]",Tắc Kỳ Vi Cầm Thú Bất Viễn Hỹ
65,7,人見其翁獸也,"[(44, 59), (79, 316)]",Nhân Kiến Kỳ Cấm Thú Dã
67,0,而以爲耒當有才焉者,"[(354, 61), (390, 452)]",Nhi Dĩ Vi Vị Thường Hữu Tài Yên Giả
67,1,是𡸈人之情也哉,"[(313, 58), (346, 367)]",Thị Khởi Nhân Chi Tình Dã Tai
67,2,故苟得其養,"[(266, 60), (300, 270)]",Cố Cẩu Đắc Kỳ Dưỡng
67,3,無物不長,"[(222, 60), (255, 228)]",Vô Vật Bất Trưởng
67,4,尙失其養,"[(177, 57), (214, 231)]",Cảu Thất Kỳ Dưỡng
67,5,無物不消一,"[(130, 56), (169, 243)]",Vô Vật Bất Tiêu
67,6,孔子曰,"[(83, 55), (128, 186)]",Khổng Tử Viết
67,7,操則存舍則亡,"[(41, 56), (81, 361)]",Thao Tắc Tồn Xả Tắc Vong
69,0,出人無時,"[(355, 64), (393, 237)]",Xuất Nhập Vô Thời
69,1,莫知其鄕,"[(306, 61), (350, 244)]",Mạc Tri Kỳ Hương
69,2,惟心之謂寧,"[(259, 62), (307, 280)]",Duy Tâm Chi Vị Dư
69,3,孟子曰,"[(221, 65), (257, 189)]",9 Mạnh Tử Viết
69,4,無或乎王之不智也,"[(175, 64), (212, 410)]",Vô Hoặc Hồ Vương Chi Bất Trí Dã
69,5,雖有夭下易生之物也,"[(129, 65), (168, 453)]",Tuy Hữu Thiên Hạ Dị Sinh Vật Vật Dã
69,6,一日暴之十日寒之,"[(85, 67), (124, 455)]",Nhất Nhật Bộc Chi Thập Nhật Hàn Chi
69,7,耒有能生者也,"[(42, 63), (78, 326)]",Vị Hữu Năng Sinh Giả Dã
71,0,妾見亦罕矣,"[(355, 59), (389, 277)]",Ngô Kiến Diệc Hãn Hỹ
71,1,吳退而寒之者至矣,"[(312, 61), (345, 406)]",Ngô Thối Nhi Hàn Chi Giả Chí Hỹ
71,2,妾如育萌急何哉,"[(266, 60), (300, 358)]",Ngô Như Hữu Manh Yên Hà Tai
71,3,今夫寶之爲數,"[(219, 57), (259, 318)]",Kim Phù Dịch Chi Vi Số
71,4,小數也,"[(174, 57), (216, 183)]",Tiểu Số Dã
71,5,不專心致志,"[(134, 62), (166, 274)]",Bất Chuyên Tâm Trí Chí
71,6,則不得也,"[(80, 55), (126, 229)]",Tắc Bất Đắc Dã
71,7,弄秋,"[(39, 53), (83, 143)]",Dịch Thu
73,0,通國之善率者也,"[(356, 60), (389, 358)]",Thông Quốc Chi Thiện Dịch Giả Dã
73,1,使奔秋誨二人奔,"[(307, 55), (350, 360)]",Sử Dịch Thu Hối Nhị Nhân Dịch
73,2,其八人專一心致志,"[(269, 61), (299, 357)]",Kỳ Nhất Nhân Chuyên Tâm Trí Chí
73,3,惟奔秋之爲聽,"[(220, 59), (257, 315)]",Duy Dịch Thu Chi Vi Thính
73,4,一人雖聽之,"[(178, 66), (212, 268)]",Nhất Nhân Tuy Thính Chi
73,5,心以爲有鴻鵠將至,"[(131, 64), (167, 446)]",Nhất Tâm Dĩ Vi Hữu Hồng Hộc Tương Chí
73,6,思援弓徽而射之,"[(83, 57), (125, 360)]",Tư Viên Cung Chước Nhi Xạ Chi
73,7,雖興之俱學,"[(44, 57), (81, 275)]",Tuy Dữ Chi Cụ Học
75,0,弗苦之矣,"[(352, 65), (392, 247)]",Phất Nhược Chi Hỹ
75,1,爲是其智錦苦與,"[(309, 67), (345, 376)]",Vị Thị Kỳ Trí Phất Nhược Dư
75,2,日非然也,"[(265, 73), (299, 241)]",Viết Phi Nhiên Dã
75,3,孟子曰,"[(221, 73), (255, 194)]",10 Mạnh Tử Viết
75,4,魚我所欲也,"[(175, 69), (212, 284)]",Ngư Ngã Sở Dục Dã
75,5,掌亦我所欲也,"[(130, 69), (167, 371)]",Hùng Chưởng Diệc Ngã Sở Dục Dã
75,6,之者不可得乘,"[(85, 71), (121, 330)]",Nhị Giả Bất Khả Đắc Kiêm
75,7,舍魚而取焦掌者也,"[(45, 71), (75, 415)]",Xả Ngư Nhi Thủ Hùng Chưởng Giả Dã
77,0,生亦我所欲也,"[(350, 57), (392, 317)]",Sinh Diệc Ngã Sở Dục Dã
77,1,義亦我所欲也,"[(312, 56), (345, 314)]",Nghĩa Diệc Ngã Sở Dục Dã
77,2,之者不可得乘,"[(267, 65), (300, 320)]",Nhị Giả Bất Khả Đắc Kiêm
77,3,舍生而取義者也,"[(219, 57), (259, 360)]",Xả Sinh Nhi Thủ Nghĩa Giả Dã
77,4,生亦我所欲,"[(176, 60), (213, 275)]",Sinh Diệc Ngã Sở Dục
77,5,所欲有甚於生者,"[(131, 59), (167, 359)]",Sở Dục Hữu Thậm Ư Sinh Giả
77,6,故不爲苟得也,"[(82, 57), (125, 318)]",Cố Bất Vi Cẩu Đắc Dã
77,7,死亦我所惡,"[(46, 61), (76, 271)]",Tử Diệc Ngã Sở Ố
79,0,所惡育葚於死者,"[(356, 61), (389, 358)]",Sở Ố Hữu Thậm Ư Tử Giả
79,1,故患育所不辟也,"[(314, 62), (344, 359)]",Cố Hoạn Hữu Sở Bất Tỵ Dã
79,2,如使人之所欲莫甚於生,"[(266, 61), (300, 496)]",Như Sử Nhân Chi Sở Dục Mạc Thậm Ư Sinh
79,3,則几可以得生者,"[(222, 61), (255, 357)]",Tắc Phàm Khả Dĩ Đắc Sinh Giả
79,4,何不用也,"[(176, 59), (213, 234)]",Hà Bất Dụng Dã
79,5,使人之所惡莫甚於死者,"[(134, 61), (167, 494)]",Sử Nhân Chi Sở Ố Mạc Thậm Ư Tử Giả
79,6,則几司以辟患者,"[(87, 59), (123, 358)]",Tắc Phàm Khả Dĩ Tỵ Hoạn Giả
79,7,何不爲也,"[(44, 60), (80, 228)]",Hà Bất Vi Dã
81,0,曲是則生而有不用也,"[(357, 61), (387, 446)]",Do Thị Tắc Sinh Nhi Hữu Bất Dụng Dã
81,1,由是則可以辞患,"[(314, 62), (344, 361)]",Do Thị Tắc Khả Dĩ Tỵ Hoạn
81,2,而有不爲也,"[(269, 63), (299, 270)]",Nhi Hữu Bất Vi Dã
81,3,是故所欲有甚於生者,"[(222, 58), (255, 446)]",Thị Cố Sở Dục Hữu Thậm Ư Sinh Giả
81,4,所惡有甚於死者,"[(177, 59), (213, 360)]",Sở Ố Hữu Thậm Ư Tử Giả
81,5,排獨賢者有是心也,"[(134, 61), (164, 399)]",Phi Độc Hiền Giả Hữu Thị Tâm Dã
81,6,人皆有之,"[(87, 59), (124, 227)]",Nhân Giai Hữu Chi
81,7,䝨者能勿䘮耳,"[(43, 57), (78, 320)]",Hiền Giả Năng Vật Táng Nhĩ
83,0,一簞食一旦業,"[(353, 56), (395, 361)]",Nhất Đan Thực Nhất Đậu Canh
83,1,得之則生𧖱得則死,"[(305, 55), (349, 456)]",Đắc Chi Tắc Sinh Phất Đắc Tắc Tử
83,2,𡀯爾而唭之,"[(267, 56), (304, 270)]",Hố Nhĩ Nhi Dữ Chi
83,3,行道之人𧖱受,"[(218, 57), (260, 319)]",Hành Đạo Chi Nhân Phất Thọ
83,4,䜹爾面興之,"[(176, 54), (218, 271)]",Xúc Nhĩ Nhi Dữ Chi
83,5,乞人不肩也,"[(133, 61), (167, 271)]",Khuất Nhân Bất Tiết Dã
83,6,萬鍾則不辨禮義而受之,"[(88, 58), (121, 492)]",Vạn Chung Tắc Bất Biện Lễ Nghĩa Nhi Thọ Chi
83,7,萬鍾於我何加焉,"[(44, 58), (82, 369)]",Vạn Chung Ư Ngã Hà Gia Yên
85,0,爲宮室之美,"[(356, 57), (390, 274)]",Vị Cung Thất Chi Mỹ
85,1,妻妾之奉,"[(311, 55), (348, 232)]",Thê Thiếp Chi Phụng
85,2,所識窮泛者得我與,"[(267, 61), (300, 407)]",Sở Thức Cùng Phạp Giả Đắc Ngã Dư
85,3,鄕爲身死而不受,"[(220, 58), (257, 360)]",Hướng Vị Thân Tử Nhi Bất Thọ
85,4,令爲宮室之羡爲之,"[(178, 61), (211, 401)]",Kim Vi Cung Thất Chi Mỹ Vi Chi
85,5,鄕爲身死而不受,"[(133, 60), (166, 362)]",Hướng Vị Thân Tử Nhi Bất Thọ
85,6,呐爲妻妾之奉爲之,"[(90, 60), (120, 400)]",Kim Vị Thê Thiếp Chi Phụng Vi Chi
85,7,鄕爲身死而不受,"[(45, 58), (78, 366)]",Hướng Vi Thân Tử Nhi Bất Thọ
87,0,今爲所識窮泛者,"[(354, 68), (391, 372)]",Kim Vi Sở Thức Cùng Phạp Giả
87,1,得我而爲之,"[(311, 68), (348, 283)]",Đắc Ngã Nhi Vi Chi
87,2,是亦不呵以己乎,"[(270, 70), (300, 374)]",Thị Diệc Bất Khả Dĩ Dĩ Hồ
87,3,此之調失其本心,"[(219, 68), (259, 368)]",Thử Chi Vị Thất Kỳ Bổn Tâm
87,4,孟子曰,"[(179, 70), (214, 192)]",11 Mạnh Tử Viết
87,5,一人心也,"[(130, 67), (172, 287)]",Nhân Nhân Tâm Dã
87,6,鄕人路也,"[(85, 63), (129, 286)]",Nghĩa Nhân Lộ Dã
87,7,舍其路而錦由,"[(44, 68), (78, 325)]",Xả Kỳ Lộ Nhi Phất Do
89,0,放其心而不知求,"[(344, 51), (399, 366)]",Phòng Kỳ Tâm Nhi Bất Tri Cầu
89,1,哀哉,"[(304, 54), (355, 145)]",Ai Tai
89,2,人有難犬枚,"[(263, 59), (303, 277)]",Nhân Hữu Kê Khuyển Phóng
89,3,則知求之,"[(217, 58), (256, 226)]",Tắc Tri Cầu Chi
89,4,有放心,"[(175, 57), (213, 184)]",Hữu Phóng Tâm
89,5,而不知求,"[(127, 57), (171, 232)]",Nhi Bất Tri Cầu
89,6,𭓇問之道無他,"[(85, 55), (125, 318)]",Học Vấn Chi Đạo Vô Tha
89,7,求其放慈而己矣,"[(44, 58), (79, 366)]",Cầu Kỳ Phóng Tâm Nhi Dĩ Hỹ
91,0,孟子曰,"[(351, 65), (393, 194)]",12 Mạnh Tử Viết
91,1,令育無名之指,"[(309, 66), (348, 325)]",Kim Hữu Vô Danh Chi Chỉ
91,2,屈而不信,"[(262, 67), (300, 239)]",Khuất Nhi Bất Tín
91,3,排疾漏害事也,"[(219, 66), (257, 324)]",Phi Tật Thống Hại Sự Dã
91,4,如育能仲之者,"[(175, 66), (213, 327)]",Như Hữu Năng Thân Chi Giả
91,5,則不遠秦楚之路,"[(131, 69), (170, 370)]",Tắc Bất Viễn Tần Sở Chi Lộ
91,6,爲指之不苦人也,"[(86, 66), (123, 369)]",Vi Chỉ Chi Bất Nhược Nhân Dã
91,7,指不若之則知惡之,"[(45, 65), (79, 455)]",Chỉ Bất Nhược Nhân Tắc Tri Ố Chi
93,0,心不苦人則不知惡,"[(350, 62), (392, 455)]",Tâm Bất Nhược Nhân Tắc Bất Như Ố
93,1,此之調不知類也,"[(307, 60), (350, 368)]",Thử Chi Vị Bất Tri Loại Dã
93,2,孟子曰,"[(264, 60), (305, 187)]",13 Mạnh Tử Viết
93,3,拱把之同梓,"[(218, 60), (259, 274)]",Cũng Bả Chi Đồng Tử
93,4,人苟欲生之,"[(178, 64), (212, 269)]",Nhân Cẩu Dục Sinh Chi
93,5,㗂知所以養之者,"[(132, 62), (167, 361)]",Giai Tri Sở Dĩ Dưỡng Chi Giả
93,6,全於身,"[(84, 59), (126, 196)]",Chí Ư Thân
93,7,芇不知所以養之者,"[(44, 62), (78, 406)]",Nhi Bất Tri Sở Dĩ Dưỡng Chi Giả
95,0,曰爱身不苦桐,"[(352, 57), (402, 340)]",Khởi Ái Thân Bất Nhược Đồng
95,1,梓哉,"[(308, 62), (347, 154)]",Tử Tai
95,2,𧖱思甚也,"[(265, 60), (306, 236)]",Phất Tư Thậm Dã
95,3,孟子曰,"[(220, 64), (261, 190)]",14 Mạnh Tử Viết
95,4,人之於身尼,"[(176, 66), (216, 279)]",Nhân Chi Ư Thân Dã
95,5,羕所愛,"[(132, 61), (170, 201)]",Kiêm Sở Ái
95,6,羕所愛則羕所養也,"[(84, 61), (125, 412)]",Kiêm Sở Ái Tắc Kiêm Sở Dưỡng Dã
95,7,無尼寸之虐不愛焉,"[(47, 68), (77, 411)]",Vô Xích Thốn Chi Phu Bất Ái Yên
97,0,則無尼寸之虐不養也,"[(353, 59), (391, 451)]",Tắc Vô Xích Thốn Chi Phu Bất Dưỡng Dã
97,1,所以考其善不善者,"[(314, 63), (344, 404)]",Sở Dĩ Khảo Kỳ Thiện Bất Thiện Giả
97,2,宣有他哉,"[(268, 62), (302, 236)]",Khởi Hữu Tha Tai
97,3,於己取之而己矣,"[(221, 62), (258, 365)]",Ư Kỷ Thủ Chi Nhi Dĩ Hỹ
97,4,𬂙有貴賎有小大,"[(173, 55), (217, 410)]",Thể Hữu Quý Tiện Hữu Tiểu Đại
97,5,無以小害大,"[(134, 60), (168, 277)]",Vô Dĩ Tiểu Hại Đại
97,6,無以賎害貴,"[(89, 60), (122, 276)]",Vô Dĩ Tiện Hại Quý
97,7,養其小者爲小人,"[(46, 58), (79, 371)]",Dưỡng Kỳ Tiểu Giả Vi Tiểu Nhân
99,0,養其大者爲大人,"[(353, 52), (392, 368)]",Dưỡng Kỳ Đại Giả Vi Đại Nhân
99,1,令有場師,"[(305, 55), (347, 229)]",Kim Hữu Trường Sư
99,2,舍其梧桃,"[(259, 56), (304, 237)]",Xả Kỳ Ngô Giả
99,3,養其扙棘,"[(217, 55), (257, 234)]",Dưỡng Kỳ Nhị Cức
99,4,則爲賤場師焉,"[(174, 57), (213, 318)]",Tắc Vi Tiện Trường Sư Yên
99,5,養其丿指,"[(133, 57), (170, 230)]",Dưỡng Kỳ Nhất Chỉ
99,6,而失其氣畨,"[(88, 61), (123, 270)]",Nhi Thất Kỳ Kiên Bối
99,7,而不知也,"[(44, 62), (78, 227)]",Nhi Bất Tri Dã
101,0,則爲浪疾人也,"[(348, 56), (393, 317)]",Tắc Vi Lang Tật Nhân Dã
101,1,欽食之人,"[(301, 51), (349, 244)]",Ẩm Thực Chi Nhân
101,2,則人賎之矣,"[(264, 59), (303, 276)]",Tắc Nhân Tiện Chi Hỹ
101,3,爲其養小以失大也,"[(222, 57), (256, 402)]",Vi Kỳ Dưỡng Tiểu Dĩ Thất Đại Dã
101,4,欽食之人,"[(174, 56), (215, 238)]",ẩm Thực Chi Nhân
101,5,無有失也,"[(129, 55), (172, 228)]",Vô Hữu Thất Dã
101,6,則口腹,"[(82, 55), (126, 195)]",Tắc Khẩu Phúc
101,7,宣適爲尺寸之虐哉,"[(43, 59), (79, 408)]",Khởi Thích Vi Xích Thốn Chi Phu Tai
103,0,公都子問曰,"[(353, 65), (394, 279)]",15 Công Đô Tử Vấn Viết
103,1,鈎是人也或爲大人,"[(309, 64), (350, 461)]",Quân Thị Nhân Dã Hoặc Vi Đại Nhân
103,2,或爲小何也,"[(266, 62), (305, 371)]",Hoặc Vi Tiểu Nhân Hà Dã
103,3,孟子曰,"[(218, 64), (260, 192)]",Mạnh Tử Viết
103,4,從其大體爲大人,"[(171, 64), (218, 381)]",Tòng Kỳ Đại Thể Vi Đại Nhân
103,5,從其小体爲小人,"[(126, 63), (173, 387)]",Tòng Kỳ Tiểu Thể Vi Tiểu Nhân
103,6,曰鈞是人也,"[(87, 70), (124, 281)]",Viết Quân Thị Nhân Dã
103,7,或從其犬體,"[(40, 65), (80, 285)]",Hoặc Tòng Kỳ Đại Thể
105,0,或從其小體,"[(351, 52), (395, 279)]",Hoặc Tòng Kỳ Tiểu Thể
105,1,何也,"[(311, 57), (348, 137)]",Hà Dã
105,2,曰甘目之官不思,"[(266, 65), (301, 358)]",Viết Nhĩ Mục Chi Quan Bất Tư
105,3,而󰰿於物,"[(218, 59), (257, 247)]",Nhi Tế Ư Vật
105,4,物交物,"[(172, 55), (214, 189)]",Vật Giao Vật
105,5,則引之而己矣,"[(131, 59), (167, 320)]",Tắc Dẫn Chi Nhi Dĩ Hỹ
105,6,心之官則思,"[(84, 62), (123, 274)]",Tâm Chi Quan Tắc Tư
105,7,思則得之,"[(38, 57), (82, 230)]",Tư Tắc Đắc Chi
107,0,不思則不得也,"[(354, 64), (390, 323)]",Bất Tư Tắc Bất Đắc Dã
107,1,此天之所興我者,"[(312, 64), (345, 362)]",Thử Thiên Chi Sở Dữ Ngã Giả
107,2,先立乎其大者,"[(267, 62), (300, 320)]",Tiên Lập Hồ Kỳ Đại Giả
107,3,則其小者不能奪也,"[(222, 62), (254, 405)]",Tắc Kỳ Tiểu Giả Bất Năng Đoạt Dã
107,4,此爲大人而己矣,"[(180, 64), (210, 365)]",Thử Vi Đại Nhân Nhi Dĩ Hỹ
107,5,孟子曰,"[(133, 61), (168, 189)]",16 Mạnh Tử Viết
107,6,有夭爵者有人爵者,"[(85, 58), (126, 455)]",Hữu Thiên Tước Giả Hữu Nhân Tước Giả
107,7,仁義忠信樂善不僣,"[(41, 60), (78, 455)]",Nhân Nghĩa Trung Tín Lạc Thiện Bất Quyện
109,0,此夭爵也,"[(356, 60), (394, 224)]",Thử Thiên Tước Dã
109,1,公卿六夫,"[(307, 55), (351, 236)]",Công Khanh Đại Phu
109,2,此人爵也,"[(266, 60), (303, 226)]",Thử Nhân Tước Dã
109,3,古之人,"[(218, 54), (262, 193)]",Cổ Chi Nhân
109,4,修其夭爵而人爵從之,"[(175, 54), (218, 448)]",Tu Kỳ Thiên Tước Nhi Nhân Tước Tòng Chi
109,5,今之人,"[(127, 54), (172, 197)]",Kim Chi Nhân
109,6,修其夭爵以要人爵,"[(87, 58), (123, 404)]",Tu Kỳ Thiên Tước Dĩ Yêu Nhân Tước
109,7,既得人爵而棄其天爵,"[(45, 62), (78, 448)]",Ký Đắc Nhân Tước Nhi Khí Kỳ Thiên Tước
111,0,則惑之甚者也,"[(349, 61), (393, 326)]",Tắc Hoặc Chi Thậm Giả Dã
111,1,終亦冷亡而己矣,"[(304, 59), (353, 375)]",Chung Diệc Tất Vong Nhi Dĩ Hỹ
111,2,孟子曰,"[(266, 60), (299, 190)]",17 Mạnh Tử Viết
111,3,欲貴者,"[(216, 62), (261, 193)]",Dục Quý Giả
111,4,人之同心也,"[(178, 69), (211, 278)]",Nhân Chi Đồng Tâm Dã
111,5,人人有貴於己者,"[(130, 68), (167, 369)]",Nhân Nhân Hữu Quý Ư Kỷ Giả
111,6,弗思耳矣,"[(85, 60), (125, 241)]",Phất Tư Nhĩ Hỹ
111,7,人之所貴者,"[(42, 64), (79, 279)]",Nhân Chi Sở Quý Giả
113,0,非良貴也,"[(354, 57), (393, 227)]",Phi Lương Quý Dã
113,1,趙孟之所貴,"[(308, 57), (347, 272)]",Triệu Mạnh Chi Sở Quý
113,2,趙孟能貶之,"[(267, 57), (302, 269)]",Triệu Mạnh Năng Tiện Chi
113,3,詩云,"[(216, 52), (257, 137)]",Thi Vân
113,4,既醉以洒既𫗄双德,"[(175, 58), (216, 455)]",Ký Túy Dĩ Tửu Ký Bão Dĩ Đức
113,5,言𫗄乎人義也,"[(130, 61), (170, 318)]",Ngôn Bão Hồ Nhân Nghĩa Dã
113,6,所以不慮人之,"[(82, 58), (122, 315)]",Sở Dĩ Bất Nguyện Nhân Chi
113,7,骨梁之味也,"[(43, 55), (79, 275)]",Cao Lương Chi Vị Dã
115,0,令聞廣譽施於身,"[(351, 55), (394, 372)]",Lệnh Văn Quảng Dự Thi Ư Thân
115,1,所以不慮人之文繡也,"[(310, 56), (348, 454)]",Sở Dĩ Bất Nguyện Nhân Chi Văn Tú Dã
115,2,孟子曰,"[(268, 57), (301, 185)]",18 Mạnh Tử Viết
115,3,仁之勝不仁也,"[(215, 56), (261, 320)]",Nhân Chi Thắng Bất Nhân Dã
115,4,猶水之勝夾,"[(172, 59), (215, 285)]",Do Thủy Chi Thắng Hỏa
115,5,今之爲仁者,"[(131, 61), (168, 276)]",Kim Chi Vi Nhân Giả
115,6,猶以丿麻水,"[(86, 59), (123, 281)]",Do Dĩ Nhất Bôi Thủy
115,7,救丿車新之火也,"[(45, 56), (79, 367)]",Cứu Nhất Xa Tân Chi Hỏa Dã
117,0,不患,"[(351, 59), (395, 150)]",Bất Tức
117,1,則謂之水不勝火,"[(311, 63), (346, 372)]",Tắc Vị Chi Thủy Bất Thắng Hỏa
117,2,此匕興於不仁之甚者也,"[(267, 66), (300, 496)]",Thử Hựu Dữ Ư Bất Nhân Chi Thậm Giả Dã
117,3,亦終冷元而己矣,"[(221, 61), (259, 369)]",Diệc Chung Tất Vong Nhi Dĩ Hỹ
117,4,孟子曰,"[(177, 59), (215, 191)]",19 Mạnh Tử Viết
117,5,五榖者,"[(129, 60), (171, 190)]",Ngũ Cốc Giả
117,6,樵之美者也,"[(84, 60), (126, 277)]",Chủng Chi Mỹ Giả Dã
117,7,苟爲不然不如箋釋,"[(43, 60), (80, 455)]",Cẩu Vi Bất Thục Bất Như Đề Bái
119,0,夫仁亦在乎默之而己矣,"[(353, 66), (392, 515)]",Phù Nhân Diệc Tại Hồ Thục Chi Nhi Dĩ Hỹ
119,1,孟子曰,"[(312, 64), (344, 190)]",20 Mạnh Tử Viết
119,2,󰑼之教人射,"[(265, 67), (302, 282)]",Nghệ Chi Giáo Dân Xạ
119,3,志於斅,"[(220, 71), (254, 236)]",Tất Chí Ư Cấu
119,4,學者亦志於榖,"[(172, 66), (212, 372)]",Học Giả Diệc Tất Chí Ư Cấu
119,5,大匠誨人必以規短,"[(130, 70), (168, 458)]",Đại Tượng Hối Nhân Tất Dĩ Qui Củ
119,6,學者亦以親短,"[(88, 69), (121, 370)]",Học Giả Diệc Tất Dĩ Qui Củ
121,0,第十二章告子下,"[(354, 102), (394, 415)]",Đệ Thập Nhị Chương Cáo Tử Hạ
121,1,任人有悶屋虚子曰,"[(305, 60), (351, 412)]",1 Nhâm Nhân Hữu Vấn Ốc Lư Tử Viết
121,2,禮期食執重,"[(265, 62), (304, 278)]",Lễ Dữ Thực Thục Trọng
121,3,曰禮重,"[(227, 64), (257, 190)]",Viết Lễ Trọng
121,4,色與禮執重,"[(178, 67), (213, 286)]",Sắc Dữ Lễ Thục Trọng
121,5,曰禮重,"[(136, 59), (173, 190)]",Viết Lễ Trọng
121,6,曰以禮食則󰟘兒死,"[(88, 71), (127, 410)]",Viết Dĩ Lễ Thực Tắc Cơ Nhi Tử
121,7,不以禮食則得食,"[(44, 67), (79, 368)]",Bất Dĩ Lễ Thực Tắc Đắc Thực
123,0,冷以禮乎,"[(351, 60), (390, 239)]",Tất Dĩ Lễ Hồ
123,1,親迎則不得妻,"[(306, 58), (345, 319)]",Thân Nghênh Tắc Bất Đắc Thê
123,2,不親迎則得妻,"[(258, 59), (302, 321)]",Bất Thân Nghênh Tắc Đắc Thê
123,3,必親迎乎,"[(220, 63), (253, 231)]",Tất Thân Nghênh Hồ
123,4,屋盧子不能對,"[(174, 60), (211, 317)]",Ốc Lư Tử Bất Năng Đối
123,5,明日之鄒以告孟子,"[(127, 61), (167, 405)]",Minh Nhật Chi Trâu Dĩ Cáo Mạnh Tử
123,6,孟子曰,"[(85, 58), (123, 185)]",Mạnh Tử Viết
123,7,於答是也何有青,"[(38, 58), (78, 317)]",Ư Đáp Thị Dã Hà Hữu
125,0,不瑞其本而齊其耒,"[(356, 60), (392, 452)]",Bất Sủy Kỳ Bổn Nhi Tề Kỳ Bổn
125,1,方寸之末可之,"[(311, 62), (348, 496)]",Phương Thốn Chi Mộc Khả Sử Cao Ư Sầm Lâu
125,2,金重於羽者,"[(266, 56), (303, 270)]",Kim Trọng Ư Vũ Giả
125,3,宣謂丿金,"[(220, 57), (259, 273)]",Khởi Vị Nhất Câu Kim
125,4,興丿興羽之謂哉,"[(179, 57), (215, 368)]",Dữ Nhất Dư Vũ Chi Vị Tai
125,5,取食之重者,"[(133, 59), (170, 270)]",Thủ Thực Chi Trọng Giả
125,6,典禮之輕者,"[(88, 56), (125, 272)]",Dữ Lễ Chi Khinh Giả
125,7,而北之奚拠食重同,"[(45, 62), (80, 386)]",Nhi Tỷ Hề Chi Sí Thực Trọng
127,0,取色之重者,"[(352, 59), (389, 273)]",Thủ Sắc Chi Trọng Giả
127,1,典禮之輕者,"[(309, 57), (345, 269)]",Dữ Lễ Chi Khinh Giả
127,2,而北之奚𦑃色重,"[(268, 64), (300, 371)]",Nhi Tỷ Chi Hề Sí Sắc Trọng
127,3,徃應之曰,"[(212, 52), (266, 230)]",Vãng Ứng Chi Viết
127,4,参兄之階而奪之食,"[(173, 56), (213, 405)]",Chẩn Huynh Chi Tý Nhi Đoạt Chi Thực
127,5,則得食,"[(127, 57), (168, 187)]",Tắc Đắc Thực
127,6,不㐱則不得食,"[(84, 54), (126, 320)]",Bất Chẩn Tắc Bất Đắc Thực
127,7,則將㐱之乎,"[(41, 58), (76, 274)]",Tắc Tương Chẩn Chi Hồ
129,0,踰東家墻而㨿其處子,"[(354, 70), (393, 466)]",Du Đông Gia Tường Nhi Lâu Kỳ Xử Tử
129,1,則得,"[(309, 69), (350, 199)]",Tắc Đắc Thê
129,2,不摸則不得妻,"[(268, 75), (304, 331)]",Bất Lâu Tắc Bất Đắc Thê
129,3,則將摸之乎,"[(225, 73), (258, 292)]",Tắc Tương Thê Chi Hồ
129,4,曹交問曰,"[(181, 75), (214, 241)]",2 Tào Giao Vấn Viết
129,5,丿階呵以爲堯舜,"[(135, 75), (170, 377)]",Nhân Giai Khả Dĩ Vi Nghiêu Thuấn
129,6,有諸,"[(86, 68), (125, 156)]",Hữu Chư
129,7,孟子曰琮,"[(44, 70), (82, 285)]",Mạnh Tử Viết Nhiên
131,0,交󰘇文王匕尺,"[(355, 58), (388, 319)]",Giao Văn Văn Vương Thập Xích
131,1,湯九尺,"[(311, 57), (345, 189)]",Thang Cửu Xích
131,2,令交九尺四寸以長,"[(267, 59), (300, 405)]",Kim Giao Cửu Xích Tứ Thốn Dĩ Trường
131,3,食栗而己,"[(221, 56), (258, 226)]",Thực Túc Nhi Dĩ
131,4,如何則可台,"[(176, 57), (213, 269)]",Như Hà Tắc Khả
131,5,日奚有於是,"[(133, 64), (167, 281)]",Viết Hề Hữu Ư Thị
131,6,亦爲之而己矣,"[(89, 59), (122, 319)]",Diệc Vi Chi Nhi Dĩ Hỹ
131,7,有人於此,"[(41, 55), (81, 232)]",Hữu Nhân Ư Thử
133,0,力不能勝一𠀧難,"[(356, 57), (391, 363)]",Lực Bất Năng Thắng Nhất Thất Sồ
133,1,則爲無力尼矣,"[(309, 59), (344, 320)]",Tắc Vi Vô Lực Nhân Hỹ
133,2,令曰𦊚百鈎,"[(263, 58), (302, 275)]",Kim Viết Cử Bá Quân
133,3,則爲有力人矣,"[(219, 59), (255, 318)]",Tắc Vi Hữu Lực Nhân Hỹ
133,4,然則𦊚烏瓊之任,"[(178, 60), (211, 361)]",Nhiên Tắc Cử Ô Hoạch Chi Nhiệm
133,5,是亦爲烏瓊而己矣,"[(133, 59), (166, 407)]",Thị Diệc Vi Ô Hoạch Nhi Dĩ Hỹ
133,6,夫人𡸈以不勝爲患哉,"[(90, 61), (120, 448)]",Phù Phu Khởi Dĩ Bất Thắng Vi Hoạn Tai
133,7,弗爲耳,"[(41, 54), (78, 190)]",Phất Vi Nhĩ
135,0,徐行後長者,"[(359, 52), (393, 275)]",Từ Hành Hậu Trưởng Giả
135,1,謂之弟,"[(310, 59), (347, 189)]",Vị Chi Đễ
135,2,疾行先長者,"[(259, 57), (306, 274)]",Tật Hành Tiên Trưởng Giả
135,3,調之不弟,"[(221, 60), (258, 240)]",Vị Chi Bất Đễ
135,4,夫徐行者,"[(176, 56), (215, 230)]",Phù Tử Hành Giả
135,5,宣人所不能哉,"[(129, 57), (171, 325)]",Khởi Nhân Sở Bất Năng Tai
135,6,所不爲也,"[(84, 55), (125, 235)]",Sở Bất Vi Dã
135,7,堯舜之道,"[(40, 53), (81, 227)]",Nghiêu Thuấn Chi Đạo
137,0,孝弟而己矣,"[(354, 56), (391, 275)]",Hiếu Đễ Nhi Dĩ Hỹ
137,1,子服堯之服,"[(310, 59), (347, 279)]",Tử Phục Nghiêu Chi Phục
137,2,誦堯之言行堯之行,"[(261, 59), (305, 458)]",Tụng Nghiêu Chi Ngôn Hành Nghiêu Chi Hành
137,3,是堯而己矣,"[(221, 58), (255, 274)]",Thị Nghiêu Nhi Dĩ Hỹ
137,4,子服桀之服,"[(175, 57), (214, 279)]",Tử Phục Kiệt Chi Phục
137,5,誦桀之言行桀之行,"[(126, 57), (172, 459)]",Tụng Kiệt Chi Ngôn Hành Kiệt Chi Hành
137,6,是桀而己矣,"[(84, 55), (124, 278)]",Thị Kiệt Nhi Dĩ Hỹ
137,7,曰交得見於鄒君,"[(44, 64), (77, 362)]",Viết Giao Đắc Kiến Ư Trâu Quân
139,0,呵以假饒,"[(353, 68), (394, 243)]",Khả Dĩ Giả Quán
139,1,慮留而受業於門,"[(312, 67), (349, 371)]",Nguyện Lưu Nhi Thọ Nghiệp Ư Môn
139,2,曰夫道若大路然,"[(268, 72), (304, 372)]",Viết Phù Đạo Nhược Đại Lộ Nhiên
139,3,宣難知哉,"[(224, 66), (262, 241)]",Khởi Nan Tri Tai
139,4,人病不求耳,"[(178, 72), (214, 283)]",Nhân Bệnh Bất Cầu Nhĩ
139,5,子歸而求之,"[(133, 67), (172, 280)]",Tử Qui Nhi Cầu Chi
139,6,有餘師,"[(86, 64), (127, 200)]",Hữu Dư Sư
139,7,公孫湿問同,"[(47, 70), (80, 281)]",3 Công Tôn Sửu Vấn Viết
141,0,高子曰,"[(352, 55), (394, 185)]",Cao Tử Viết
141,1,小年小人之詩也,"[(306, 55), (351, 405)]",Tiểu Bàn Tiểu Nhân Chi Thi Dã
141,2,孟子曰,"[(262, 54), (306, 183)]",Mạnh Tử Viết
141,3,何以言之,"[(217, 59), (269, 233)]",Hà Dĩ Ngôn Chi
141,4,曰紀,"[(181, 65), (212, 137)]",Viết Oán
141,5,曰固哉,"[(127, 58), (173, 189)]",Viết Cố Tai
141,6,高隻之爲詩也,"[(77, 52), (129, 323)]",Cao Tẩu Chi Vi Thi Dã
141,7,有人於此,"[(38, 54), (78, 232)]",Hữu Nhân Ư Thử
143,0,越人󰘇弓而射之,"[(352, 56), (392, 359)]",Việt Nhân Loan Cung Nhi Xạ Chi
143,1,則己談樊而道之,"[(311, 60), (347, 357)]",Tắc Kỷ Đàm Tiếu Nhi Đạo Chi
143,2,無他蹺之也,"[(267, 59), (300, 268)]",Vô Tha Sơ Chi Dã
143,3,其兄調弓而射之,"[(223, 59), (256, 356)]",Kỳ Huynh Loan Cung Nhi Xạ Chi
143,4,則尼垂涕泣而道之,"[(179, 59), (210, 399)]",Tắc Kỷ Thùy Thế Khấp Nhi Đạo Chi
143,5,無他戚之也,"[(132, 58), (169, 273)]",Vô Tha Thích Chi Dã
143,6,小𪪳之怒親親也,"[(82, 57), (129, 411)]",Tiểu Bàn Chi Oán Thân Thân Dã
143,7,親親仁也,"[(44, 58), (78, 227)]",Thân Thân Nhân Dã
145,0,固矣夫,"[(350, 54), (395, 193)]",Cố Hỹ Phù
145,1,高隻之爲詩也,"[(310, 59), (346, 316)]",Cao Tẩu Chi Vi Thi Dã
145,2,曰凱風何以不懇,"[(265, 64), (301, 372)]",Viết Khải Phong Hà Dĩ Bất Oán
145,3,曰凱風,"[(219, 61), (257, 192)]",Viết Khải Phong
145,4,親之過小者也,"[(174, 58), (214, 316)]",Thân Chi Quá Tiểu Giả Dã
145,5,小年親之過犬者也,"[(130, 54), (170, 447)]",Tiểu Bàn Thân Chi Quá Đại Giả Dã
145,6,親之過犬而不怨,"[(83, 56), (125, 365)]",Thân Chi Quá Đại Nhi Bất Oán
145,7,是愈蹺也,"[(40, 55), (80, 236)]",Thị Dũ Sơ Dã
147,0,親之過小而懇,"[(358, 65), (396, 326)]",Thân Chi Quá Tiểu Nhi Oán
147,1,是不可機也,"[(311, 68), (349, 282)]",Thị Bất Khả Ky Dã
147,2,愈玩不孝也,"[(260, 62), (309, 329)]",Dũ Sơ Bất Hiếu Dã
147,3,不可亦不孝也,"[(220, 69), (261, 415)]",Bất Khả Cơ Diệc Bất Hiếu Dã
147,4,孔犯子曰,"[(175, 68), (220, 193)]",Khổng Tử Viết
147,5,舜其至孝矣,"[(129, 62), (173, 290)]",Thuấn Kỳ Chí Hiếu Hỹ
147,6,五十而慕,"[(86, 61), (125, 242)]",Ngũ Thập Nhi Mộ
147,7,宋悭將之楚,"[(41, 70), (80, 283)]",4 Tống Khanh Tương Chi Sở
149,0,孟子過於石丘,"[(354, 54), (391, 312)]",Mạnh Tử Ngộ Ư Thạch Khâu
149,1,日先生將何之,"[(311, 59), (347, 316)]",Viết Tiên Vương Tương Hà Chi
149,2,日吾󰘇秦楚構兵,"[(266, 59), (303, 361)]",Viết Ngôn Văn Tần Sở Cấu Binh
149,3,我將見楚王,"[(220, 54), (261, 268)]",Ngã Tương Kiến Sở Vương
149,4,説而罷之,"[(173, 50), (218, 225)]",Thuyết Nhi Bãi Chi
149,5,楚王不悅,"[(131, 49), (172, 237)]",Sở Vương Bất Duyệt
149,6,我將見秦王,"[(85, 51), (126, 270)]",Ngã Tương Kiến Tần Vương
149,7,説而罷之,"[(44, 55), (78, 230)]",Thuyết Nhi Bãi Chi
151,0,丿王我將有所過焉,"[(359, 50), (392, 399)]",Nhị Vương Ngã Tương Hữu Sở Ngộ Yên
151,1,曰軻也請無問其詳,"[(316, 59), (345, 400)]",Viết Kha Dã Thỉnh Vô Vấn Kỳ Tường
151,2,慮󰘇其指,"[(267, 53), (304, 226)]",Nguyện Văn Kỳ Chỉ
151,3,説一之將何如之,"[(225, 57), (255, 283)]",Thuyết Chi Tương Hà Như
151,4,曰我將言其不利也,"[(182, 60), (211, 397)]",Viết Ngã Tương Ngôn Kỳ Bất Lợi Dã
151,5,曰先生之志則大矣,"[(137, 60), (166, 402)]",Viết Tiên Sinh Chi Chí Tắc Đại Hỹ
151,6,先生之號則不可,"[(92, 56), (122, 357)]",Tiên Sinh Chi Hiệu Tắc Bất Khả
151,7,先生以利説秦楚之王,"[(47, 55), (77, 446)]",Tiên Sinh Dĩ Lợi Thuyết Tần Sở Chi Vương
153,0,秦楚之王悅於利,"[(347, 52), (394, 370)]",Tần Sở Chi Vương Duyệt Ư Lợi
153,1,以罷三軍之師,"[(311, 63), (346, 318)]",Dĩ Bãi Tam Quân Chi Sư
153,2,是三軍之士樂罷,"[(264, 59), (303, 361)]",Thị Tam Quân Chi Sĩ Lạc Bãi
153,3,而悅於利尼,"[(221, 63), (255, 270)]",Nhi Duyệt Ư Lợi Dã
153,4,爲人臣者,"[(176, 56), (214, 230)]",Vi Nhân Thần Giả
153,5,懷利以事其君,"[(132, 59), (168, 317)]",Hoài Lợi Dĩ Sự Kỳ Quân
153,6,爲人子者,"[(84, 53), (125, 231)]",Vi Nhân Tử Giả
153,7,懷利以事其父,"[(43, 59), (78, 320)]",Hoài Lợi Dĩ Sự Kỳ Phụ
155,0,爲人弟者,"[(352, 54), (393, 232)]",Vi Nhân Đệ Giả
155,1,懷利以事其兄,"[(311, 58), (348, 320)]",Hoài Lợi Dĩ Sự Kỳ Huynh
155,2,是君臣,"[(263, 55), (308, 186)]",Thị Quân Thần
155,3,父子,"[(219, 56), (264, 139)]",Phụ Tử
155,4,兄弟終去仁義,"[(174, 60), (217, 325)]",Huynh Đệ Chung Khứ Nhân Nghĩa
155,5,懷利󰜋相接,"[(129, 56), (172, 280)]",Hoài Lợi Dĩ Tương Tiếp
155,6,然而不亡者,"[(85, 56), (126, 274)]",Nhiên Nhi Bất Vong Giả
155,7,耒之有也,"[(38, 55), (82, 234)]",Vị Chi Hữu Dã
157,0,先生以仁義,"[(351, 55), (391, 278)]",Tiên Sinh Dĩ Nhân Nghĩa
157,1,説秦楚之王,"[(308, 58), (347, 274)]",Thuyết Tần Sở Chi Vương
157,2,秦楚之王悅於仁義,"[(264, 56), (301, 409)]",Tần Sở Chi Vương Duyệt Ư Nhân Nghĩa
157,3,以罷三軍之師,"[(220, 63), (255, 315)]",Dĩ Bãi Tam Quân Chi Sư
157,4,是三軍之士樂罷,"[(178, 59), (212, 360)]",Thị Tam Quân Chi Sĩ Lạc Bãi
157,5,而悅於仁義㐌,"[(131, 61), (169, 317)]",Nhi Duyệt Ư Nhân Nghĩa Dã
157,6,爲人臣者,"[(86, 54), (123, 230)]",Vi Nhân Thần Giả
157,7,懷仁義以事其君,"[(45, 60), (75, 360)]",Hoài Nhân Nghĩa Dĩ Sự Kỳ Quân
159,0,爲人子者,"[(346, 49), (398, 234)]",Vi Nhân Tử Giả
159,1,懷仁義以事其父,"[(312, 60), (345, 360)]",Hoài Nhân Nghĩa Dĩ Sự Kỳ Phụ
159,2,爲人弟者,"[(264, 56), (302, 229)]",Vi Nhân Đệ Giả
159,3,懷仁義以事其兄,"[(219, 58), (257, 365)]",Hoài Nhân Nghĩa Dĩ Sự Kỳ Huynh
159,4,是君臣父子,"[(173, 55), (217, 322)]",Thị Quân Thần Phụ Tử
159,5,兄弟去利,"[(129, 58), (171, 240)]",Huynh Đệ Khứ Lợi
159,6,懷仁義󰜋相接也,"[(85, 58), (125, 365)]",Hoài Nhân Nghĩa Dĩ Tương Tiếp Dã
159,7,然而不王者,"[(42, 57), (79, 272)]",Nhiên Nhi Bất Vượng Giả
161,0,耒之有也,"[(353, 62), (396, 242)]",Vị Chi Hữu Dã
161,1,何冷白利,"[(310, 64), (352, 247)]",Hà Tất Viết Lợi
161,2,孟子居鄕,"[(267, 67), (304, 239)]",5 Mạnh Tử Cư Trâu
161,3,李任爲任處守,"[(222, 66), (259, 325)]",Quý Nhâm Vi Nhâm Xử Thủ
161,4,以幣交一受之而不報,"[(178, 69), (215, 458)]",Dĩ Tệ Giao Thọ Chi Nhi Bất Báo
161,5,處於平陸,"[(129, 60), (173, 240)]",Xử Ư Bình Lục
161,6,儲子爲相,"[(84, 63), (128, 241)]",Trừ Tử Vi Tướng
161,7,以幣交受之而不報,"[(44, 68), (83, 462)]",Dĩ Tệ Giao Thọ Chi Nhi Bất Báo
163,0,他日由𫴋之任,"[(348, 57), (391, 322)]",Tha Nhật Do Trâu Chi Nhâm
163,1,見李子,"[(308, 56), (349, 184)]",Kiến Quý Tử
163,2,由平陸之齊,"[(264, 59), (305, 274)]",Do Bình Lục Chi Tề
163,3,不見儲子,"[(221, 60), (258, 228)]",Bất Kiến Trừ Tử
163,4,屋慮子喜曰,"[(180, 61), (212, 267)]",Ốc Lư Tử Hỷ Viết
163,5,逴得間矣,"[(127, 51), (178, 241)]",Liên Đắc Gián Hỹ
163,6,問曰,"[(91, 56), (122, 137)]",Vấn Viết
163,7,夫子之任見季子,"[(44, 56), (81, 357)]",Phu Tử Chi Nhâm Kiến Quý Tử
165,0,之齊不見儲子,"[(351, 57), (394, 320)]",Chi Tề Bất Kiến Trừ Tử
165,1,爲其爲相期,"[(305, 55), (348, 283)]",Vi Kỳ Vi Tướng Dư
165,2,日非也,"[(266, 62), (301, 183)]",Viết Phi Dã
165,3,書曰,"[(224, 58), (255, 137)]",Thư Viết
165,4,享多儀儀不﨤物,"[(173, 55), (217, 412)]",Hưởng Đa Nghi Nghi Bất Cập Vật
165,5,曰不享,"[(133, 64), (169, 184)]",Viết Bất Hưởng
165,6,惟不役志手享,"[(83, 57), (125, 319)]",Duy Bất Dịch Chí Vu Hưởng
165,7,爲其不成享也,"[(42, 56), (79, 323)]",Vi Kỳ Bất Thành Hưởng Dã
167,0,星盧子悅,"[(346, 58), (393, 241)]",Ốc Lư Tử Duyệt
167,1,或問之,"[(307, 61), (349, 191)]",Hoặc Vấn Chi
167,2,屋盧子曰,"[(258, 60), (303, 237)]",Ốc Lư Tử Viết
167,3,李子不得之鄕,"[(218, 57), (256, 334)]",Quý Tử Bất Đắc Chi Trâu
167,4,儲子得之乎陸,"[(167, 59), (218, 330)]",Trừ Tử Đắc Chi Bình Lục
167,5,淳千𣩂曰,"[(129, 66), (166, 231)]",6 Thuần Vu Khôn Viết
167,6,先名實者爲人也,"[(83, 61), (125, 416)]",Tiên Danh Thật Giả Vi Nhân Dã
167,7,後名實者自爲也,"[(39, 62), (77, 412)]",Hậu Danh Thật Giả Tự Vị Dã
169,0,夫子在三卿之中,"[(355, 59), (392, 358)]",Phu Tử Tại Tam Khanh Chi Trung
169,1,名實耒加於主下而去之,"[(311, 58), (348, 493)]",Danh Thật Vị Gia Ư Thượng Hạ Nhi Khứ Chi
169,2,仁者固如此乎,"[(263, 52), (305, 327)]",Nhân Giả Cố Như Thử Hồ
169,3,孟子曰,"[(220, 56), (262, 186)]",Mạnh Tử Viết
169,4,居下位,"[(175, 56), (216, 187)]",Cư Hạ Vị
169,5,不以賢事不肖者,"[(131, 59), (170, 362)]",Bất Dĩ Hiền Sự Bất Tiếu Giả
169,6,伯夷也,"[(82, 52), (130, 187)]",Bá Di Dã
169,7,五就湯一,"[(40, 57), (84, 192)]",Ngũ Tựu Thang
171,0,五就桀者,"[(349, 55), (392, 235)]",Ngũ Tựu Kiệt Giả
171,1,併拜也,"[(311, 56), (347, 182)]",Y Doãn Dã
171,2,不惡渃君,"[(263, 59), (300, 237)]",Bất Ố Ô Quân
171,3,不辭小官者,"[(218, 59), (258, 271)]",Bất Từ Tiểu Quan Giả
171,4,柳下惠也,"[(169, 54), (215, 229)]",Liễu Hạ Huệ Dã
171,5,三子者不同道,"[(130, 59), (170, 313)]",Tam Tử Giả Bất Đồng Đạo
171,6,其過一也,"[(85, 53), (126, 229)]",Kỳ Xu Nhất Dã
171,7,一者何也,"[(42, 59), (79, 235)]",Nhất Giả Hà Dã
173,0,曰仁也,"[(350, 59), (394, 187)]",Viết Nhân Dã
173,1,君子亦仁而己矣,"[(309, 59), (346, 365)]",Quân Tử Diệc Nhân Nhi Dĩ Hỹ
173,2,何必同,"[(263, 58), (303, 183)]",Hà Tất Đồng
173,3,旦魯参公之時,"[(213, 58), (261, 317)]",Viết Lỗ Mục Công Chi Thời
173,4,公儀子爲政,"[(180, 59), (211, 271)]",Công Nghi Tử Vi Chính
173,5,子柳子思爲臣,"[(129, 50), (169, 362)]",Tử Liễu Tử Tư Vi Thần
173,6,會之削也滋甚,"[(87, 56), (123, 318)]",Lỗ Chi Tước Dã Tư Thậm
173,7,若是乎賢者之,"[(44, 58), (77, 314)]",Nhược Thị Hồ Hiền Giả Chi
175,0,無益於國也,"[(353, 54), (393, 274)]",Vô Ích Ư Quốc Dã
175,1,曰󰔄不用百里奚而亡,"[(312, 64), (346, 447)]",Viết Ngu Bất Dụng Bách Lý Hề Nhi Vong
175,2,秦樛公用之而𢀭,"[(265, 54), (305, 362)]",Tần Mục Công Dụng Chi Nhi Bá
175,3,不用賢則亡,"[(223, 60), (256, 270)]",Bất Dụng Hiền Tắc Vong
175,4,削何司得與,"[(178, 59), (212, 282)]",Tước Hà Khả Đắc Dư
175,5,曰昔者,"[(134, 63), (169, 189)]",Viết Tích Giả
175,6,王約處於滇,"[(81, 55), (127, 276)]",Vương Báo Xử Ư Kỳ
175,7,而河西善𦖻,"[(47, 61), (77, 268)]",Nhi Hà Tây Thiện Âu
177,0,錦𧷺處於高唐,"[(354, 57), (390, 327)]",Miên Câu Xử Ư Cao Đường
177,1,而齊󰡏善歇,"[(312, 61), (346, 273)]",Nhi Tề Hữu Thiện Ca
177,2,莘周𢩽梁之妻,"[(262, 55), (303, 364)]",Hoa Châu Kỷ Lương Chi Thê
177,3,善哭其夫而變國󰅒,"[(219, 58), (257, 449)]",Thiện Khóc Kỳ Phu Nhi Biến Quốc Tục
177,4,有諸内必形諸外,"[(172, 54), (216, 409)]",Hữu Chư Nội Tất Hình Chư Ngoại
177,5,爲其事而無其功者,"[(134, 59), (164, 403)]",Vi Kỳ Sự Nhi Vô Kỳ Công Giả
177,6,𡎥耒賞貯之也,"[(88, 58), (121, 315)]",Khôn Vị Thường Đổ Chi Dã
177,7,是故無賢者也,"[(44, 58), (77, 315)]",Thị Cố Vô Hiền Giả Dã
179,0,有則󰠳冷識之,"[(354, 58), (390, 315)]",Hữu Tắc Khôn Tất Thức Chi
179,1,曰乳子爲魯司寇,"[(314, 67), (344, 359)]",Viết Khổng Tử Vi Lỗ Tư Khấu
179,2,不用一從而祭,"[(264, 59), (304, 322)]",Bất Dụng Tòng Nhi Tế
179,3,𤑟内不至,"[(220, 60), (257, 229)]",Bàn Nhục Bất Chí
179,4,不税嵬而行,"[(177, 61), (212, 274)]",Bất Thoát Miện Nhi Hành
179,5,不知者以爲爲内也,"[(135, 65), (165, 402)]",Bất Tri Giả Dĩ Vi Vi Nhục Dã
179,6,其知者以爲爲無禮也,"[(90, 62), (120, 446)]",Kỳ Tri Giả Dĩ Vi Vi Vô Lễ Dã
179,7,乃乳子則欲以微罪行,"[(43, 63), (79, 456)]",Nãi Khổng Tử Tắc Dục Dĩ Vi Tội Hành
181,0,不欲爲苟云,"[(351, 65), (392, 281)]",Bất Dục Vi Cẩu Khứ
181,1,君子之所爲,"[(307, 64), (351, 287)]",Quân Tử Chi Sở Vi
181,2,𦊚人固不識也,"[(261, 65), (305, 327)]",Chúng Nhân Cố Bất Thức Dã
181,3,孟子曰,"[(218, 67), (258, 190)]",7 Mạnh Tử Viết
181,4,五覇者,"[(172, 67), (213, 195)]",Ngũ Bá Giả
181,5,三王之罪人也,"[(129, 70), (169, 326)]",Tam Vương Chi Tội Nhân Dã
181,6,令之諸侯,"[(83, 64), (124, 240)]",Kim Chi Chư Hầu
181,7,五𢀭之罪人也,"[(39, 69), (79, 328)]",Ngũ Bá Chi Tội Nhân Dã
183,0,今之大夫,"[(351, 55), (395, 237)]",Kim Chi Đại Phu
183,1,冷之諸侯之罪人也,"[(311, 60), (346, 403)]",Kim Chi Chư Hầu Chi Tội Nhân Dã
183,2,夭子適諸侯日廵狩,"[(266, 62), (301, 405)]",Thiên Tử Thích Chư Hầu Viết Tuấn Thú
183,3,諸侯朝於夭子旦𨕭職,"[(218, 55), (261, 451)]",Chư Hầu Triều Ư Thiên Tử Viết Thuật Chức
183,4,春省耕而補不足,"[(176, 55), (216, 362)]",Xuân Tỉnh Canh Nhi Bổ Bất Túc
183,5,秋省敘兒助不伶,"[(128, 58), (171, 365)]",Thu Tĩnh Liễm Nhi Trợ Bất Cấp
183,6,八其暄土地𬁖,"[(84, 59), (126, 363)]",Nhập Kỳ Cương Thổ Địa Tịch
183,7,田野治養老,"[(45, 63), (77, 324)]",Điền Dã Trị Dưỡng Lão
185,0,尊賢俊傑在位,"[(350, 54), (396, 366)]",Tôn Hiền Tuấn Kiệt Tại Vị
185,1,則有慶󰆑以地,"[(310, 59), (351, 362)]",Tắc Hữu Khánh Khánh Dĩ Địa
185,2,八其彊土地筭蕪,"[(265, 59), (306, 406)]",Nhập Kỳ Cương Thổ Địa Hoang Vu
185,3,遺老失賢,"[(219, 53), (266, 282)]",Di Lão Thất Hiền
185,4,揞克在位則有讓,"[(174, 59), (217, 411)]",Bồi Khắc Tại Vị Tắc Hữu Nhượng
185,5,一不朝則貶其爵,"[(132, 61), (172, 407)]",Nhất Bất Triều Tắc Biếm Kỳ Tước
185,6,再不朝則削其地,"[(85, 54), (129, 405)]",Tái Bất Triều Tắc Tước Kỳ Địa
185,7,三不朝則六師彩之,"[(42, 58), (84, 449)]",Tam Bất Triều Tắc Lục Sư Di Chi
187,0,是故天子討兒不伐,"[(355, 57), (391, 407)]",Thị Cố Thiên Tử Thảo Nhi Bất Phạt
187,1,諸侯伐而不討,"[(311, 57), (348, 316)]",Chư Hầu Phạt Nhi Bất Thảo
187,2,五覇者,"[(261, 58), (306, 189)]",Ngũ Bá Giả
187,3,摱諸侯𧘇伐諸侯者也,"[(216, 52), (265, 451)]",Lâu Chư Hầu Dĩ Phạt Chư Hầu Giả Dã
187,4,故曰五𢀭者,"[(178, 60), (212, 272)]",Cố Viết Ngũ Bá Giả
187,5,三王之罪人也,"[(135, 63), (168, 315)]",Tam Vương Chi Tội Nhân Dã
187,6,五覇桓公爲盛,"[(82, 55), (129, 365)]",Ngũ Bá Hoàn Công Vi Thạnh
187,7,葵丘之會諸侯,"[(42, 56), (81, 320)]",Quì Khâu Chi Hội Chư Hầu
189,0,束性載書兒不𰙔血,"[(353, 57), (395, 401)]",Thúc Sinh Thái Thư Nhi Bất Sáp Huyết
189,1,初命曰,"[(299, 52), (352, 186)]",Sơ Mệnh Viết
189,2,誅不孝,"[(264, 57), (306, 187)]",Tru Bất Hiếu
189,3,無易𥸷子,"[(222, 58), (258, 228)]",Vô Dịch Thụ Tử
189,4,無以妾爲妻,"[(176, 56), (216, 279)]",Vô Dĩ Thiếp Vi Thê
189,5,再命曰,"[(126, 55), (176, 187)]",Tái Mệnh Viết
189,6,尊賢育才,"[(84, 56), (125, 286)]",Tôn Hiền Dục Tài
189,7,以彰有德,"[(37, 58), (83, 237)]",Dĩ Chương Hữu Đức
191,0,三命曰,"[(349, 59), (394, 186)]",Tam Mệnh Viết
191,1,敬老慈缺,"[(306, 58), (350, 271)]",Kính Lão Tử Ấu
191,2,無忘寶旅,"[(264, 60), (302, 231)]",Vô Vong Lân Lữ
191,3,四命曰,"[(221, 66), (255, 180)]",Tứ Mệnh Viết
191,4,士無世官,"[(167, 56), (219, 231)]",Sĩ Vô Thế Quan
191,5,官事無攝,"[(126, 60), (168, 234)]",Quan Sự Vô Nhiếp
191,6,取士必得,"[(87, 63), (122, 227)]",Thủ Sĩ Tất Đắc
193,0,五命曰,"[(349, 56), (397, 188)]",Ngũ Mệnh Viết
193,1,無曲防一無過羅,"[(304, 57), (352, 370)]",Vô Khúc Phòng Vô Át Địch
193,2,無有風而不告,"[(269, 62), (299, 313)]",Vô Hữu Phong Nhi Bất Cáo
193,3,曰几我同盥之人,"[(224, 65), (261, 358)]",Viết Phàm Ngã Đồng Minh Chi Nhân
193,4,既盟之後言歸千好,"[(172, 60), (215, 453)]",Ký Minh Chi Hậu Ngôn Qui Ư Hảo
193,5,令之諸侯,"[(131, 57), (171, 234)]",Kim Chi Chư Hầu
193,6,㗂犯此五禁,"[(83, 56), (126, 277)]",Giai Phạm Thử Ngũ Cấm
193,7,故曰冷之諸侯,"[(41, 57), (80, 320)]",Cố Viết Kim Chi Chư Hầu
195,0,五覇之罪人也,"[(354, 68), (389, 322)]",Ngũ Bá Chi Tội Nhân Dã
195,1,長君之惡其罪小,"[(308, 63), (346, 419)]",Trưởng Quân Chi Ác Kỳ Tội Tiểu
195,2,蓬君之惡其罪大,"[(263, 65), (300, 420)]",Phùng Quân Chi Ác Kỳ Tội Đại
195,3,爲之大夫皆逢君之惡,"[(220, 66), (255, 457)]",Kim Chi Đại Phu Giai Phùng Quân Chi Ác
195,4,故同爲之大夫,"[(179, 68), (209, 326)]",Cố Viết Kim Chi Đại Phu
195,5,令之諸侯之罪人也,"[(130, 66), (166, 410)]",Kim Chi Chư Hầu Chi Tội Nhân Dã
195,6,曾欲使憤子爲將軍,"[(87, 68), (120, 414)]",8 Lỗ Dục Sử Thận Tử Vi Tướng Quân
195,7,孟子曰,"[(46, 68), (74, 185)]",Mạnh Tử Viết
197,0,不教民而用之,"[(355, 60), (391, 315)]",Bất Giáo Dân Nhi Dụng Chi
197,1,調之秩民秩民者,"[(308, 60), (352, 408)]",Vị Chi Ương Dân Ương Dân Giả
197,2,不容於堯舜之世,"[(267, 63), (300, 357)]",Bất Dung Ư Nghiêu Thuấn Chi Thế
197,3,丿戰勝齊遂有南陽,"[(221, 66), (258, 457)]",Nhất Chiến Thắng Tề Toại Hữu Nam Dương
197,4,然旦不可,"[(177, 57), (214, 229)]",Nhiên Thả Bất Khả
197,5,憤子勃然不悅,"[(136, 61), (166, 316)]",Thận Tử Bột Nhiên Bất Duyệt
197,6,曰此則濁鍾所不識也,"[(88, 64), (124, 447)]",Viết Thử Tắc Hoạt Ly Sở Bất Thức Dã
197,7,日吾明告子,"[(45, 63), (79, 273)]",Viết Ngô Minh Cáo Tử
199,0,夭子之地方千里,"[(357, 62), (391, 362)]",Thiên Tử Chi Địa Phương Thiên Lý
199,1,不千里,"[(311, 61), (347, 182)]",Bất Thiên Lý
199,2,不足以待諸侯,"[(264, 62), (304, 322)]",Bất Túc Dĩ Đãi Chư Hầu
199,3,諸侯之地方百里,"[(220, 57), (260, 362)]",Chư Hầu Chi Địa Phương Bách Lý
199,4,不百里,"[(176, 59), (214, 184)]",Bất Bách Lý
199,5,不足以守宗廟之典籍,"[(132, 61), (168, 455)]",Bất Túc Dĩ Thủ Tông Miếu Chi Điển Tịch
199,6,周公之封於魯,"[(87, 60), (124, 319)]",Chu Công Chi Phong Ư Lỗ
199,7,爲方百里也,"[(41, 55), (81, 273)]",Vi Phương Bách Lý Dã
201,0,地非不足,"[(353, 68), (390, 243)]",Địa Phi Bất Túc
201,1,而儉於百里,"[(311, 70), (346, 280)]",Nhi Kiệm Ư Bách Lý
201,2,太公之封於齊也,"[(265, 69), (301, 368)]",Thái Công Chi Phong Ư Tề Dã
201,3,亦爲方百里也,"[(221, 67), (254, 322)]",Diệc Vi Phương Bách Lý Dã
201,4,地非不足也,"[(177, 70), (211, 281)]",Địa Phi Bất Túc Dã
201,5,而儉於百里,"[(128, 68), (169, 285)]",Nhi Kiệm Ư Bách Lý
201,6,癸會方百里者五,"[(88, 69), (121, 367)]",Kim Lỗ Phương Bách Lý Giả Ngũ
201,7,子以爲有王者作,"[(42, 68), (77, 370)]",Tử Dĩ Vi Hữu Vương Giả Tác
203,0,則魯在所損乎,"[(357, 71), (390, 335)]",Tắc Lỗ Tại Sở Tổn Hồ
203,1,在所益乎,"[(313, 70), (347, 250)]",Tại Sở Ích Hồ
203,2,徒取諸彼以與此,"[(265, 70), (305, 374)]",Đồ Thủ Chư Bỉ Dĩ Dữ Thử
203,3,然旦仁者不爲,"[(220, 70), (260, 332)]",Nhiên Thả Nhân Giả Bất Vi
203,4,况於殺戈以求之乎,"[(180, 75), (213, 418)]",Huống Ư Sát Nhân Dĩ Cầu Chi Hồ
203,5,君子之事君也,"[(135, 72), (168, 327)]",Quân Tử Chi Sự Quân Dã
203,6,務引其君󰜋當道,"[(84, 66), (128, 373)]",Vụ Dẫn Kỳ Quân Dĩ Đương Đạo
203,7,志於仁而尼,"[(44, 71), (78, 284)]",Chí Ư Nhân Nhi Dĩ
205,0,孟子曰,"[(352, 60), (392, 189)]",9 Mạnh Tử Viết
205,1,今之事君者,"[(306, 59), (350, 282)]",Kim Chi Sự Quân Giả
205,2,皆曰,"[(268, 63), (300, 149)]",Giai Viết
205,3,我能爲君辟土地,"[(216, 61), (259, 364)]",Ngã Năng Vi Quân Tịch Thổ Địa
205,4,綂府庸,"[(176, 64), (212, 189)]",Sung Phủ Khố
205,5,今之所調良臣,"[(131, 61), (167, 322)]",Kim Chi Sở Vị Lương Thần
205,6,古之所謂民賊也,"[(86, 64), (123, 368)]",Cổ Chi Sở Vị Dân Tặc Dã
205,7,君不鄕道不志於仁,"[(40, 64), (82, 458)]",Quân Bất Hướng Đạo Bất Chí Ư Nhân
207,0,而求富之是富桀也,"[(356, 70), (393, 464)]",Nhi Cầu Phú Chi Thị Phú Kiệt Dã
207,1,我能爲君約興國,"[(311, 67), (348, 376)]",Ngã Năng Vị Quân Ước Dữ Quốc
207,2,戰必克,"[(267, 70), (305, 210)]",Chiến Tất Khắc
207,3,今之所調良臣,"[(223, 69), (259, 324)]",Kim Chi Sở Vị Lương Thần
207,4,古之所謂民賊也,"[(180, 70), (213, 367)]",Cổ Chi Sở Vị Dân Tặc Dã
207,5,君不鄕道不志於仁,"[(131, 70), (168, 461)]",Quân Bất Hướng Đạo Bất Chi Ư Nhân
207,6,而求爲之強𡃹,"[(88, 70), (124, 328)]",Nhi Cầu Vi Chi Cương Chiến
207,7,是輔桀也,"[(46, 69), (79, 242)]",Thị Phụ Kiệt Dã
209,0,由因之道,"[(353, 69), (391, 238)]",Do Kim Chi Đạo
209,1,無變冷之俗,"[(302, 59), (352, 281)]",Vô Biến Kim Chi Tục
209,2,雖典之夭仁,"[(265, 66), (303, 284)]",Tuy Dữ Chi Thiên Hạ
209,3,不能一朝居也,"[(221, 65), (257, 329)]",Bất Năng Nhất Triều Cư Dã
209,4,白圭曰,"[(176, 74), (215, 195)]",10 Bạch Khuê Viết
209,5,音欲二而取一,"[(129, 66), (169, 363)]",Ngô Dục Nhị Thập Nhi Thủ Nhất
209,6,何如,"[(85, 69), (123, 149)]",Hà Như
209,7,孟子曰,"[(40, 65), (81, 195)]",Mạnh Tử Viết
211,0,子之道貉道也,"[(354, 66), (394, 373)]",Tử Chi Đạo Mạch Đạo Dã
211,1,萬室之國一二人陶,"[(311, 64), (351, 413)]",Vạn Thất Chi Quốc Nhất Nhân Đào
211,2,則可乎,"[(268, 68), (304, 198)]",Tắc Khả Hồ
211,3,曰不可,"[(225, 71), (259, 194)]",Viết Bất Khả
211,4,𫥨不足用也,"[(181, 70), (215, 281)]",Khí Bất Túc Dụng Dã
211,5,曰夫貉,"[(129, 69), (173, 197)]",Viết Phù Mạch
211,6,五榖不生,"[(87, 69), (125, 239)]",Ngũ Cốc Bất Sinh
211,7,惟沗生之無城郎,"[(40, 65), (84, 419)]",Duy Thử Sinh Chi Vô Thành Quách
213,0,宮室宗廟,"[(352, 67), (390, 285)]",Cung Thất Tông Miếu
213,1,祭祀之禮,"[(305, 63), (348, 240)]",Tế Tự Chi Lễ
213,2,無諸侯幣帛鏖飧,"[(265, 64), (301, 381)]",Vô Chư Hầu Tệ Bạch Ung San
213,3,無百官育同,"[(224, 67), (251, 279)]",Vô Bá Quan Hữu Tư
213,4,故之十取一而足也,"[(178, 68), (211, 409)]",Cố Nhị Thập Thủ Nhất Nhi Túc Dã
213,5,令居中國,"[(132, 65), (166, 235)]",Kim Cư Trung Quốc
213,6,去人倫無君子,"[(84, 64), (125, 371)]",Khứ Nhân Luân Vô Quân Tử
213,7,如之何其可也,"[(42, 66), (78, 328)]",Như Chi Hà Kỳ Khả Dã
215,0,陶以家,"[(351, 62), (396, 202)]",Đào Dĩ Quả
215,1,旦不可以爲國,"[(311, 70), (347, 324)]",Thả Bất Khả Dĩ Vi Quốc
215,2,况無君子乎,"[(268, 70), (301, 282)]",Huống Vô Quân Tử Hồ
215,3,欲輕之於堯舜之道者,"[(218, 65), (260, 459)]",Dục Khinh Chi Ư Nghiêu Thuấn Chi Đạo Giả
215,4,大貉小貉也,"[(173, 63), (218, 323)]",Đại Mạch Tiểu Mạch Dã
215,5,欲重之於堯舜之道者,"[(131, 66), (170, 457)]",Dục Trọng Chi Ư Nghiêu Thuấn Chi Đạo Giả
215,6,大傑,"[(84, 62), (127, 154)]",Đại Kiệt
215,7,小桀也,"[(44, 66), (79, 194)]",Tiểu Kiệt Dã
217,0,白圭曰,"[(360, 65), (390, 188)]",11 Bạch Khuê Viết
217,1,󰑼之治氷也愈於禹,"[(315, 65), (348, 408)]",Đan Chi Trị Thủy Dã Dũ Ư Vũ
217,2,孟子曰子過矣,"[(266, 65), (307, 372)]",Mạnh Tử Viết Tử Quá Hỹ
217,3,禹之治水水之道也,"[(223, 63), (260, 453)]",Vũ Chi Trị Thủy Thủy Chi Đạo Dã
217,4,是故禹以四海爲懿,"[(181, 63), (213, 410)]",Thị Cố Vũ Dĩ Tứ Hải Vi Hác
217,5,令吾子以鄰國爲坚,"[(135, 64), (168, 411)]",Kim Ngô Tử Dĩ Lân Quốc Vi Hác
217,6,水逆行謂之澄水,"[(85, 58), (130, 413)]",Thủy Nghịch Hành Vị Chi Giáng Thủy
217,7,澄水者決水也,"[(43, 58), (84, 364)]",Giáng Thủy Giả Hồng Thủy Dã
219,0,仁人之所惡也,"[(348, 62), (400, 332)]",Nhân Nhân Chi Sở Ố Dã
219,1,咍子過矣,"[(308, 67), (351, 246)]",Ngô Tử Quá Hỹ
219,2,孟子曰,"[(267, 70), (304, 194)]",12 Mạnh Tử Viết
219,3,君子不亮一惡乎執,"[(216, 70), (264, 429)]",Quân Tử Bất Lượng Ô Hồ Chấp
219,4,會欲使樂正子爲政,"[(178, 71), (214, 426)]",13 Lỗ Dục Sử Nhạc Chính Tử Vi Chính
219,5,孟子曰,"[(132, 68), (167, 194)]",Mạnh Tử Viết
219,6,音󰘇之,"[(83, 65), (128, 199)]",Ngô Văn Chi
219,7,喜而不寒,"[(42, 66), (82, 248)]",Hỷ Nhi Bất Mỵ
221,0,公孫壬曰,"[(350, 63), (390, 234)]",Công Tôn Sửu Viết
221,1,樂正子強乎,"[(308, 65), (345, 285)]",Nhạc Chính Tử Cường Hồ
221,2,曰否,"[(264, 70), (300, 148)]",Viết Phủ
221,3,有知慮乎,"[(218, 67), (252, 239)]",Hữu Trí Lự Hồ
221,4,曰否,"[(174, 70), (210, 148)]",Viết Phủ
221,5,多聞識乎,"[(130, 61), (167, 237)]",Đa Văn Thức Hồ
221,6,曰否,"[(86, 69), (122, 149)]",Viết Phủ
221,7,然則奚爲喜而不寒,"[(40, 64), (77, 424)]",Nhiên Tắc Hề Vi Hỷ Nhi Bất Mỵ
223,0,曰其爲人也好善,"[(353, 69), (394, 369)]",Viết Kỳ Vi Nhân Dã Hảo Thiện
223,1,好善足乎,"[(311, 67), (348, 242)]",Hảo Thiện Túc Hồ
223,2,曰好善侵於夭下,"[(264, 71), (304, 369)]",Viết Hảo Thiện Ưu Ư Thiên Hạ
223,3,而况魯國牟,"[(226, 73), (253, 280)]",Nhi Huống Lỗ Quốc Hồ
223,4,夫苟好善,"[(175, 65), (214, 237)]",Phù Cẩu Hảo Thiện
223,5,則四海之凶,"[(133, 68), (170, 280)]",Tắc Tứ Hải Chi Nội
223,6,㗂將輕牢埋,"[(89, 67), (123, 281)]",Giai Tương Khinh Thiên Lý
223,7,而來告之以善,"[(46, 70), (76, 323)]",Nhi Lai Cáo Chi Dĩ Thiện
225,0,夫苟不好善,"[(358, 69), (391, 282)]",Phù Cẩu Bất Hảo Thiện
225,1,則人將曰,"[(310, 66), (349, 238)]",Tắc Nhân Tương Viết
225,2,記記子既己知之矣,"[(262, 64), (306, 462)]",Di Di Dư Ký Dĩ Tri Chi Hỹ
225,3,訛訛之聲音顔包,"[(223, 71), (256, 371)]",Di Di Chi Thanh Âm Nhan Sắc
225,4,距人於牟里之外,"[(179, 71), (212, 377)]",Cự Nhân Ư Thiên Lý Chi Ngoại
225,5,士止於牟里之外,"[(136, 70), (166, 375)]",Sĩ Chỉ Ư Thiên Lý Chi Ngoại
225,6,則讒諸靣䛕之人至矣,"[(87, 68), (123, 462)]",Tắc Sàm Siểm Diện Du Chi Nhân Chí Hỹ
225,7,興讒諸面䛕之人居,"[(47, 70), (77, 418)]",Dữ Sàm Siểm Diện Du Chi Nhân Cư
227,0,國欲治,"[(350, 61), (398, 192)]",Quốc Dục Trị
227,1,可得乎,"[(307, 64), (352, 196)]",Khả Đắc Hồ
227,2,陳子曰,"[(264, 63), (308, 191)]",14 Trần Tử Viết
227,3,古之君子何如則仕,"[(218, 65), (261, 457)]",Cổ Chi Quân Tử Hà Như Tắc Sĩ
227,4,孟子曰,"[(176, 62), (217, 192)]",Mạnh Tử Viết
227,5,所就三所去三,"[(127, 59), (176, 376)]",Sở Tựu Tam Sở Khứ Tam
227,6,迎之致敬扒有禮,"[(84, 65), (127, 377)]",Nghênh Chi Chí Kính Dĩ Hữu Lễ
227,7,言將行其言也,"[(43, 68), (80, 324)]",Ngôn Tương Hành Kỳ Ngôn Dã
229,0,則就之,"[(352, 54), (397, 183)]",Tắc Tựu Chi
229,1,禮貌耒衰,"[(306, 54), (354, 235)]",Lễ Mạo Vị Suy
229,2,言弗行也則去之,"[(267, 61), (309, 408)]",Ngôn Phất Hành Dã Tắc Khứ Chi
229,3,其矣雖耒行其言也,"[(221, 55), (264, 448)]",Kỳ Thứ Tuy Vị Hành Kỳ Ngôn Dã
229,4,迎之致敬󰜋有禮,"[(175, 56), (220, 368)]",Nghênh Chi Chí Kính Dĩ Hữu Lễ
229,5,則就之,"[(129, 54), (175, 186)]",Tắc Tựu Chi
229,6,禮貌衰則去之,"[(83, 52), (132, 367)]",Lễ Mạo Suy Tắc Khứ Chi
229,7,其下,"[(45, 56), (84, 142)]",Kỳ Hạ
231,0,朝不食爫不食,"[(352, 65), (394, 374)]",Triều Bất Thực Tịch Bất Thực
231,1,鱗饒不能曲門斤,"[(311, 67), (347, 374)]",Cơ Ngạ Bất Năng Xuất Môn Hộ
231,2,君聞之,"[(265, 68), (303, 194)]",Quân Văn Chi
231,3,曰吾大者不能行其道,"[(223, 74), (256, 455)]",Viết Ngô Đại Giả Bất Năng Hành Kỳ Đạo
231,4,又不能從其言也,"[(178, 65), (211, 366)]",Hựu Bất Năng Tòng Kỳ Ngôn Dã
231,5,使鱗餓於我土地,"[(131, 67), (171, 367)]",Sử Cơ Ngạ Ư Ngã Thổ Địa
231,6,𢚸命之,"[(85, 66), (125, 193)]",Ngô Sỉ Chi
231,7,周之亦可受也,"[(43, 65), (83, 368)]",Chu Chi Diệc Khả Thọ Dã
233,0,兑死而己矣,"[(352, 65), (394, 286)]",Miễn Tử Nhi Dĩ Hỹ
233,1,孟子曰,"[(312, 69), (347, 193)]",15 Mạnh Tử Viết
233,2,舜發於吠𣋚之中,"[(269, 67), (299, 370)]",Thuấn Phát Ư Quyến Mẫu Chi Trung
233,3,傳説𦊚於版説之間,"[(220, 67), (257, 415)]",Phó Duyệt Cử Ư Bản Trúc Chi Gian
233,4,膠高󰁮於魚盥之中,"[(174, 63), (217, 419)]",Giao Cách Cử Ư Ngư Diêm Chi Trung
233,5,管夷吾𦊚於士,"[(132, 67), (168, 324)]",Quản Di Ngô Cử Ư Sĩ
233,6,孫叔敖𦊚於海,"[(87, 69), (123, 326)]",Tôn Thúc Ngao Cử Ư Hải
233,7,百里奚𦊚於市,"[(44, 69), (76, 323)]",Bách Lý Hề Cử Ư Thị
235,0,故夭將降犬任於是人也,"[(352, 66), (390, 503)]",Cố Thiên Tương Giáng Đại Nhiệm Ư Thị Dân Dã
235,1,必先苦其心志,"[(313, 66), (344, 322)]",Tất Tiên Khổ Kỳ Tâm Chí
235,2,勞其飭骨饒其體膚,"[(266, 65), (304, 465)]",Lao Kỳ Cân Cốt Ngã Kỳ Thể Phu
235,3,空之其身,"[(219, 63), (258, 238)]",Không Phạp Kỳ Thân
235,4,行排訛其所爲,"[(175, 65), (215, 329)]",Hành Phật Loạn Kỳ Sở Vi
235,5,所以動心恩性,"[(134, 69), (164, 322)]",Sở Dĩ Động Tâm Nhẫn Tính
235,6,曾益其所不能,"[(88, 64), (123, 327)]",Tăng Ích Kỳ Sở Bất Năng
235,7,人恒過然後能改,"[(41, 64), (83, 415)]",Nhân Hằng Quá Nhiên Hậu Năng Cải
237,0,因於心衝於慮,"[(347, 64), (395, 384)]",Khốn Ư Tâm Hành Ư Lự
237,1,而後作,"[(309, 63), (350, 192)]",Nhi Hậu Tác
237,2,徵於包發於聲,"[(263, 65), (308, 374)]",Trưng Ư Sắc Phát Ư Thanh
237,3,而後瑜,"[(223, 69), (257, 207)]",Nhi Hậu Dụ
237,4,八則無法家排士,"[(179, 69), (216, 369)]",Nhập Tắc Vô Pháp Gia Bật Sĩ
237,5,出則無敵國外患者,"[(132, 66), (171, 415)]",Xuất Tắc Vô Địch Quốc Ngoại Hoạn Giả
237,6,國恒亡一,"[(90, 68), (123, 206)]",Quốc Hằng Vong
237,7,然後知生於憂患,"[(44, 66), (80, 371)]",Nhiên Hậu Tri Sinh Ư Ưu Hoạn
239,0,而死於安樂也,"[(349, 65), (392, 327)]",Nhi Tử Ư An Lạc Dã
239,1,孟子曰,"[(316, 68), (347, 185)]",16 Mạnh Tử Viết
239,2,教亦多𧗱矣,"[(260, 62), (307, 281)]",Giáo Diệc Đa Thuật Hỹ
239,3,子不人之教誨也者,"[(218, 65), (260, 415)]",Dư Bất Tiết Chi Giáo Hối Dã Giả
239,4,是亦教謝之而己矣,"[(172, 61), (217, 425)]",Thị Diệc Giáo Hối Chi Nhi Dĩ Hỹ
