Page,Column,OCR,Points
0,0,卷六,"[(221, 52), (267, 164)]"
0,1,曰卿卧一,"[(65, 58), (150, 365)]"
5,0,鴉十一章告子王,"[(358, 113), (394, 413)]"
5,1,告子曰,"[(310, 65), (351, 192)]"
5,2,性猶𢩽柳也,"[(265, 66), (304, 281)]"
5,3,義猶橋梞也,"[(219, 64), (259, 282)]"
5,4,以人性爲人義,"[(179, 71), (214, 330)]"
5,5,猶以𢩽柳爲橋椿,"[(130, 68), (170, 375)]"
5,6,孟子曰,"[(85, 63), (130, 194)]"
5,7,子能順𢩽柳之性,"[(44, 69), (81, 369)]"
7,0,而以爲橋乎,"[(355, 62), (395, 316)]"
7,1,將戎賊𢩽柳,"[(307, 58), (349, 282)]"
7,2,而役以爲橋椿也,"[(269, 64), (299, 362)]"
7,3,如將𦋦賊𢩽柳,"[(218, 60), (257, 316)]"
7,4,而以爲橋椿,"[(178, 63), (212, 272)]"
7,5,則亦將𦋦賊人,"[(129, 59), (169, 321)]"
7,6,以爲人義與,"[(84, 60), (123, 280)]"
7,7,率天下之人而禍仁義者,"[(42, 57), (78, 503)]"
9,0,必子之言夫,"[(353, 64), (390, 283)]"
9,1,告子曰,"[(308, 61), (351, 192)]"
9,2,性猫湍永也,"[(266, 63), (303, 276)]"
9,3,决諸東方則東流,"[(222, 65), (253, 363)]"
9,4,决諸西方則西流,"[(178, 65), (211, 366)]"
9,5,人性之無分於善不善也,"[(135, 68), (165, 497)]"
9,6,猶氷之無分於東西也,"[(88, 65), (121, 452)]"
9,7,孟子曰,"[(41, 60), (82, 191)]"
11,0,水信無分於東西,"[(353, 58), (390, 355)]"
11,1,無分於主丁乎,"[(309, 59), (346, 324)]"
11,2,人性之善也,"[(267, 62), (301, 270)]"
11,3,猶水之就下也,"[(217, 57), (259, 317)]"
11,4,人無有不善,"[(176, 60), (212, 272)]"
11,5,永無有不仁,"[(133, 60), (167, 274)]"
11,6,呐夫水博兒𨃴之,"[(85, 56), (125, 358)]"
11,7,可使過類,"[(39, 57), (82, 238)]"
13,0,激而行之,"[(348, 58), (395, 239)]"
13,1,呵使在山,"[(303, 60), (348, 234)]"
13,2,是𡸈水之性哉,"[(263, 61), (303, 326)]"
13,3,其势則然也,"[(218, 61), (259, 278)]"
13,4,人之可使爲不善,"[(175, 63), (215, 370)]"
13,5,其性亦猶是也,"[(128, 60), (169, 323)]"
13,6,告子曰,"[(87, 64), (122, 188)]"
13,7,生之謂性,"[(38, 60), (81, 235)]"
15,0,孟子曰,"[(351, 54), (393, 185)]"
15,1,生之調性也,"[(309, 58), (346, 270)]"
15,2,猶白之調白期,"[(260, 55), (300, 317)]"
15,3,曰然,"[(223, 62), (256, 140)]"
15,4,白羽之白也,"[(177, 60), (214, 272)]"
15,5,猶白雪之白,"[(127, 56), (172, 271)]"
15,6,白雪之白,"[(84, 56), (124, 227)]"
15,7,猶白玉之白欺,"[(43, 58), (79, 317)]"
17,0,曰然一,"[(355, 61), (394, 153)]"
17,1,然則犬之性猶半之悭,"[(310, 59), (352, 453)]"
17,2,半之性猶人之性歟,"[(263, 59), (306, 413)]"
17,3,告子曰,"[(222, 61), (262, 186)]"
17,4,食包性也,"[(174, 59), (221, 280)]"
17,5,仁凶也非外也,"[(126, 55), (175, 366)]"
17,6,義外一也非凶也,"[(84, 55), (129, 370)]"
17,7,孟子曰,"[(40, 57), (85, 188)]"
19,0,何以謂仁凶義外也,"[(356, 60), (389, 414)]"
19,1,曰彼長而我長之,"[(315, 64), (345, 355)]"
19,2,排育長於我也,"[(268, 60), (301, 315)]"
19,3,猶彼白而我白之,"[(221, 59), (257, 358)]"
19,4,從其白於外也,"[(177, 58), (214, 317)]"
19,5,故謂之外也,"[(134, 61), (167, 274)]"
19,6,曰異於白馬之自也,"[(91, 65), (120, 400)]"
19,7,無以異於白人一之白也,"[(47, 59), (77, 446)]"
21,0,不誠長馬之長也,"[(358, 62), (388, 357)]"
21,1,無以異於長人之長寧,"[(315, 61), (346, 450)]"
21,2,旦謂長者義乎,"[(267, 62), (302, 328)]"
21,3,長之者義乎,"[(223, 59), (256, 274)]"
21,4,曰吾弟則愛之,"[(177, 63), (212, 313)]"
21,5,秦人之弟則不愛也,"[(135, 59), (165, 401)]"
21,6,是以我爲悅者也,"[(89, 58), (122, 359)]"
21,7,故謂之内,"[(44, 59), (79, 228)]"
23,0,長楚人之長,"[(357, 58), (391, 273)]"
23,1,亦長吾之長,"[(312, 58), (346, 271)]"
23,2,是以長爲脱者也,"[(269, 59), (302, 358)]"
23,3,故謂之外也,"[(222, 60), (256, 271)]"
23,4,曰啫秦人之多,"[(177, 62), (213, 320)]"
23,5,無以異於嗜吾多,"[(132, 59), (167, 363)]"
23,6,夫物則亦有然者也,"[(90, 60), (120, 403)]"
23,7,然則嗜災亦有外與,"[(44, 57), (80, 409)]"
25,0,孟李子問公都子曰,"[(354, 71), (393, 415)]"
25,1,何以調義呐尼,"[(309, 63), (349, 328)]"
25,2,曰行吾敬,"[(267, 72), (301, 241)]"
25,3,故謂之凶也,"[(219, 68), (259, 283)]"
25,4,鄕人長於伯兄一歲,"[(178, 71), (214, 426)]"
25,5,則誰敬,"[(130, 66), (171, 196)]"
25,6,曰敬兄,"[(87, 70), (126, 210)]"
25,7,酌則誰先,"[(44, 70), (80, 239)]"
27,0,旦先酌鄕人,"[(346, 57), (394, 286)]"
27,1,所敬在此所長在彼,"[(300, 54), (354, 457)]"
27,2,果在外非由呐也,"[(263, 55), (303, 403)]"
27,3,公都子不能答,"[(218, 55), (256, 316)]"
27,4,以告孟子,"[(179, 61), (212, 225)]"
27,5,孟子曰,"[(130, 55), (171, 184)]"
27,6,敬叔父乎,"[(84, 54), (125, 232)]"
27,7,敬弟乎,"[(44, 56), (79, 183)]"
29,0,彼將曰敬叔父,"[(349, 52), (394, 368)]"
29,1,日弟爲尸則誰敬,"[(306, 61), (349, 415)]"
29,2,彼將曰敬弟,"[(260, 54), (306, 328)]"
29,3,子曰,"[(219, 55), (260, 136)]"
29,4,惡在其敬叔父也,"[(177, 59), (213, 366)]"
29,5,彼將曰在位故也,"[(126, 54), (172, 404)]"
29,6,子亦曰在位故也,"[(82, 54), (127, 408)]"
29,7,庸敬在兄,"[(44, 57), (74, 234)]"
31,0,斯須之敬在鄕人,"[(351, 57), (393, 372)]"
31,1,李子󰘇之同,"[(313, 62), (345, 269)]"
31,2,敬叔父則敬,"[(263, 61), (304, 274)]"
31,3,敬弟則敬,"[(217, 59), (258, 234)]"
31,4,果在外非由呐也,"[(175, 59), (216, 411)]"
31,5,公都子曰,"[(130, 58), (171, 232)]"
31,6,冬日則飲湯,"[(86, 58), (123, 278)]"
31,7,夏日則水,"[(46, 61), (76, 276)]"
33,0,然則歆食永在外也,"[(351, 59), (393, 413)]"
33,1,公都子曰,"[(309, 64), (350, 234)]"
33,2,告子曰,"[(263, 61), (305, 193)]"
33,3,性無善無不善也,"[(218, 64), (257, 366)]"
33,4,或曰,"[(176, 62), (217, 145)]"
33,5,性呵以爲善,"[(132, 65), (169, 281)]"
33,6,可以爲不善,"[(88, 64), (122, 276)]"
33,7,是故文武興則民好善,"[(43, 62), (79, 457)]"
35,0,幽厲興𧴤民好暴,"[(356, 60), (389, 362)]"
35,1,或曰,"[(311, 55), (350, 140)]"
35,2,有性善有性不善,"[(262, 53), (306, 407)]"
35,3,是故以堯爲君而有象,"[(219, 56), (257, 454)]"
35,4,以贅腹爲父而有舜,"[(178, 63), (211, 406)]"
35,5,以紂爲兄之子旦以爲君,"[(132, 63), (168, 505)]"
35,6,而有微子欣,"[(87, 59), (124, 273)]"
35,7,王子北󰡰,"[(44, 61), (78, 229)]"
37,0,令曰性善,"[(351, 51), (392, 232)]"
37,1,然則彼皆非與,"[(302, 52), (351, 327)]"
37,2,孟子曰,"[(267, 60), (301, 183)]"
37,3,乃苦其情則呵以爲善矣,"[(219, 60), (258, 505)]"
37,4,乃所謂善也,"[(180, 63), (210, 271)]"
37,5,苦夫爲不善,"[(130, 58), (169, 276)]"
37,6,非才之罪也,"[(88, 59), (122, 271)]"
37,7,惻隐之心人皆育之,"[(44, 59), (77, 446)]"
39,0,差惡之心人皆有之,"[(350, 53), (396, 447)]"
39,1,恭敬之心人皆有之,"[(305, 53), (352, 446)]"
39,2,是非之心人皆有之,"[(265, 56), (304, 448)]"
39,3,𢜠隐之心仁也,"[(214, 56), (265, 367)]"
39,4,羞惡之心義也,"[(172, 55), (217, 365)]"
39,5,恭敬之心禮也,"[(128, 54), (172, 363)]"
39,6,是非之心智也,"[(81, 56), (128, 367)]"
39,7,人義禮智,"[(43, 60), (77, 230)]"
41,0,非由外鑅我也,"[(347, 54), (396, 315)]"
41,1,我固育之也,"[(309, 59), (345, 271)]"
41,2,𧖱思耳矣,"[(262, 54), (305, 234)]"
41,3,故曰,"[(220, 53), (261, 140)]"
41,4,求則得之舍則失之,"[(173, 55), (217, 448)]"
41,5,或相倍𥱰而無算者,"[(132, 59), (167, 406)]"
41,6,不能盡其才者也,"[(86, 58), (122, 361)]"
41,7,詩曰,"[(46, 58), (79, 139)]"
43,0,夭生蒸民有物有則,"[(353, 58), (392, 450)]"
43,1,民之秉尋好是懿德,"[(306, 58), (349, 453)]"
43,2,孔子曰,"[(261, 56), (306, 186)]"
43,3,爲此詩者,"[(217, 53), (261, 229)]"
43,4,其知道乎,"[(177, 56), (215, 226)]"
43,5,故有物有則,"[(130, 60), (166, 320)]"
43,6,民之秉尋也,"[(89, 62), (122, 270)]"
43,7,故好是懿德,"[(44, 60), (78, 273)]"
45,0,孟子曰,"[(354, 65), (394, 196)]"
45,1,富歳子弟多頼,"[(312, 65), (348, 371)]"
45,2,兕歳子弟多暴,"[(265, 66), (305, 374)]"
45,3,排夭之降才濁珠也,"[(223, 68), (256, 413)]"
45,4,其所以陷溺其心者然也,"[(181, 70), (211, 507)]"
45,5,令夫蜂𡎢,"[(131, 65), (171, 243)]"
45,6,播󰡔而料之,"[(87, 67), (124, 280)]"
45,7,其地同對之時又同,"[(44, 68), (80, 465)]"
47,0,浡然面生,"[(351, 54), (394, 232)]"
47,1,至於日屋之時,"[(299, 53), (354, 318)]"
47,2,階恝矣,"[(264, 56), (302, 188)]"
47,3,雖有不同,"[(218, 57), (258, 232)]"
47,4,則地有肥硯,"[(174, 59), (214, 277)]"
47,5,雨露之養,"[(131, 59), (168, 235)]"
47,6,人事之不齊也,"[(85, 58), (125, 318)]"
47,7,故凡同類者,"[(43, 58), (80, 271)]"
49,0,𦊚相似也,"[(350, 51), (394, 223)]"
49,1,何獨至於人而疑之,"[(305, 55), (347, 406)]"
49,2,聖人興我同類者,"[(269, 62), (298, 357)]"
49,3,故龍子曰,"[(220, 58), (257, 225)]"
49,4,不知足而爲屡,"[(180, 62), (210, 317)]"
49,5,我知其不爲蕢也,"[(132, 59), (167, 358)]"
49,6,属之相似,"[(84, 53), (124, 232)]"
49,7,夭下之足同也,"[(45, 58), (78, 313)]"
51,0,口之於味有同啫也,"[(349, 60), (394, 453)]"
51,1,易牙先得我口,"[(312, 59), (345, 323)]"
51,2,之所嗜者也,"[(266, 62), (300, 271)]"
51,3,如使口之於味也,"[(218, 60), (258, 360)]"
51,4,其性輿人珠,"[(180, 61), (210, 273)]"
51,5,苦犬馬之興我不同類也,"[(135, 63), (165, 492)]"
51,6,則天一何啫㗂從,"[(85, 60), (121, 363)]"
51,7,易永之於味也,"[(46, 58), (75, 318)]"
53,0,至於咮,"[(351, 55), (395, 189)]"
53,1,天下期於易牙,"[(309, 61), (345, 320)]"
53,2,是夭下之口相似也,"[(266, 58), (302, 404)]"
53,3,惟耳亦然至於聲,"[(218, 60), (259, 408)]"
53,4,天下期於師曠,"[(178, 61), (215, 322)]"
53,5,是天下之耳相似也,"[(134, 59), (167, 403)]"
53,6,惟目亦然至於子都,"[(84, 59), (125, 452)]"
53,7,夭下莫不知其妓也,"[(45, 60), (78, 403)]"
55,0,不知子都之󰣁者,"[(349, 55), (395, 359)]"
55,1,無目者也,"[(305, 54), (349, 229)]"
55,2,故曰,"[(261, 56), (306, 140)]"
55,3,口之於味也,"[(215, 60), (261, 274)]"
55,4,有同啫焉,"[(175, 57), (213, 231)]"
55,5,耳之於聲也,"[(126, 57), (172, 275)]"
55,6,有同聽焉,"[(84, 54), (124, 232)]"
55,7,目之於色也,"[(42, 61), (77, 271)]"
57,0,有同美焉,"[(348, 52), (394, 233)]"
57,1,至於心,"[(301, 53), (351, 187)]"
57,2,獨無所同然乎,"[(258, 54), (305, 322)]"
57,3,心之所同然者,"[(219, 64), (256, 314)]"
57,4,何也,"[(170, 55), (218, 149)]"
57,5,謂理也義也,"[(126, 54), (174, 320)]"
57,6,聖人先得我心,"[(78, 55), (129, 319)]"
57,7,之所同然耳,"[(44, 61), (78, 272)]"
59,0,故理義之悅我心,"[(353, 66), (392, 368)]"
59,1,猶𬗢𡎦之悅我口,"[(310, 65), (350, 373)]"
59,2,孟子曰,"[(267, 68), (302, 194)]"
59,3,半山之木賞美矣,"[(221, 66), (256, 371)]"
59,4,以其郊於夫國也,"[(177, 70), (213, 367)]"
59,5,𫫵斤伐之,"[(131, 64), (168, 236)]"
59,6,可以爲美乎,"[(88, 70), (122, 284)]"
59,7,是其日夜之所息,"[(45, 66), (78, 369)]"
61,0,雨露之所潤,"[(356, 60), (389, 274)]"
61,1,排無萌麋之生焉,"[(315, 60), (345, 358)]"
61,2,半羊又從而牧之,"[(268, 60), (301, 358)]"
61,3,是以苦彼濯濯也,"[(222, 57), (258, 360)]"
61,4,人見其濯濯也,"[(181, 62), (211, 313)]"
61,5,以爲耒賞有材焉,"[(134, 63), (167, 361)]"
61,6,此𡸈山之性也哉,"[(89, 61), (122, 362)]"
61,7,雖存乎人者,"[(44, 57), (81, 273)]"
63,0,宣無仁義之心哉,"[(356, 59), (395, 361)]"
63,1,其所以放其良心者,"[(311, 58), (346, 404)]"
63,2,亦猶斧斤之於木也,"[(268, 61), (301, 403)]"
63,3,旦旦而伐之,"[(221, 63), (257, 267)]"
63,4,呵以爲美乎,"[(179, 61), (212, 275)]"
63,5,其日夜之所息,"[(134, 59), (167, 318)]"
63,6,平旦之氣,"[(85, 55), (126, 235)]"
63,7,其好惡典人相𨑮也,"[(44, 57), (81, 405)]"
65,0,者錢希,"[(350, 51), (395, 193)]"
65,1,則其旦晝之所爲,"[(308, 59), (347, 363)]"
65,2,有拮亡之矣,"[(262, 56), (303, 276)]"
65,3,拮之﨤瓊,"[(216, 55), (259, 239)]"
65,4,則其夜氣不足以存,"[(177, 59), (212, 406)]"
65,5,夜氣不足以存,"[(133, 60), (166, 317)]"
65,6,則其逴禽獸不遠矣,"[(87, 60), (123, 407)]"
65,7,人見其翁獸也,"[(44, 59), (79, 316)]"
67,0,而以爲耒當有才焉者,"[(354, 61), (390, 452)]"
67,1,是𡸈人之情也哉,"[(313, 58), (346, 367)]"
67,2,故苟得其養,"[(266, 60), (300, 270)]"
67,3,無物不長,"[(222, 60), (255, 228)]"
67,4,尙失其養,"[(177, 57), (214, 231)]"
67,5,無物不消一,"[(130, 56), (169, 243)]"
67,6,孔子曰,"[(83, 55), (128, 186)]"
67,7,操則存舍則亡,"[(41, 56), (81, 361)]"
69,0,出人無時,"[(355, 64), (393, 237)]"
69,1,莫知其鄕,"[(306, 61), (350, 244)]"
69,2,惟心之謂寧,"[(259, 62), (307, 280)]"
69,3,孟子曰,"[(221, 65), (257, 189)]"
69,4,無或乎王之不智也,"[(175, 64), (212, 410)]"
69,5,雖有夭下易生之物也,"[(129, 65), (168, 453)]"
69,6,一日暴之十日寒之,"[(85, 67), (124, 455)]"
69,7,耒有能生者也,"[(42, 63), (78, 326)]"
71,0,妾見亦罕矣,"[(355, 59), (389, 277)]"
71,1,吳退而寒之者至矣,"[(312, 61), (345, 406)]"
71,2,妾如育萌急何哉,"[(266, 60), (300, 358)]"
71,3,今夫寶之爲數,"[(219, 57), (259, 318)]"
71,4,小數也,"[(174, 57), (216, 183)]"
71,5,不專心致志,"[(134, 62), (166, 274)]"
71,6,則不得也,"[(80, 55), (126, 229)]"
71,7,弄秋,"[(39, 53), (83, 143)]"
73,0,通國之善率者也,"[(356, 60), (389, 358)]"
73,1,使奔秋誨二人奔,"[(307, 55), (350, 360)]"
73,2,其八人專一心致志,"[(269, 61), (299, 357)]"
73,3,惟奔秋之爲聽,"[(220, 59), (257, 315)]"
73,4,一人雖聽之,"[(178, 66), (212, 268)]"
73,5,心以爲有鴻鵠將至,"[(131, 64), (167, 446)]"
73,6,思援弓徽而射之,"[(83, 57), (125, 360)]"
73,7,雖興之俱學,"[(44, 57), (81, 275)]"
75,0,弗苦之矣,"[(352, 65), (392, 247)]"
75,1,爲是其智錦苦與,"[(309, 67), (345, 376)]"
75,2,日非然也,"[(265, 73), (299, 241)]"
75,3,孟子曰,"[(221, 73), (255, 194)]"
75,4,魚我所欲也,"[(175, 69), (212, 284)]"
75,5,掌亦我所欲也,"[(130, 69), (167, 371)]"
75,6,之者不可得乘,"[(85, 71), (121, 330)]"
75,7,舍魚而取焦掌者也,"[(45, 71), (75, 415)]"
77,0,生亦我所欲也,"[(350, 57), (392, 317)]"
77,1,義亦我所欲也,"[(312, 56), (345, 314)]"
77,2,之者不可得乘,"[(267, 65), (300, 320)]"
77,3,舍生而取義者也,"[(219, 57), (259, 360)]"
77,4,生亦我所欲,"[(176, 60), (213, 275)]"
77,5,所欲有甚於生者,"[(131, 59), (167, 359)]"
77,6,故不爲苟得也,"[(82, 57), (125, 318)]"
77,7,死亦我所惡,"[(46, 61), (76, 271)]"
79,0,所惡育葚於死者,"[(356, 61), (389, 358)]"
79,1,故患育所不辟也,"[(314, 62), (344, 359)]"
79,2,如使人之所欲莫甚於生,"[(266, 61), (300, 496)]"
79,3,則几可以得生者,"[(222, 61), (255, 357)]"
79,4,何不用也,"[(176, 59), (213, 234)]"
79,5,使人之所惡莫甚於死者,"[(134, 61), (167, 494)]"
79,6,則几司以辟患者,"[(87, 59), (123, 358)]"
79,7,何不爲也,"[(44, 60), (80, 228)]"
81,0,曲是則生而有不用也,"[(357, 61), (387, 446)]"
81,1,由是則可以辞患,"[(314, 62), (344, 361)]"
81,2,而有不爲也,"[(269, 63), (299, 270)]"
81,3,是故所欲有甚於生者,"[(222, 58), (255, 446)]"
81,4,所惡有甚於死者,"[(177, 59), (213, 360)]"
81,5,排獨賢者有是心也,"[(134, 61), (164, 399)]"
81,6,人皆有之,"[(87, 59), (124, 227)]"
81,7,䝨者能勿䘮耳,"[(43, 57), (78, 320)]"
83,0,一簞食一旦業,"[(353, 56), (395, 361)]"
83,1,得之則生𧖱得則死,"[(305, 55), (349, 456)]"
83,2,𡀯爾而唭之,"[(267, 56), (304, 270)]"
83,3,行道之人𧖱受,"[(218, 57), (260, 319)]"
83,4,䜹爾面興之,"[(176, 54), (218, 271)]"
83,5,乞人不肩也,"[(133, 61), (167, 271)]"
83,6,萬鍾則不辨禮義而受之,"[(88, 58), (121, 492)]"
83,7,萬鍾於我何加焉,"[(44, 58), (82, 369)]"
85,0,爲宮室之美,"[(356, 57), (390, 274)]"
85,1,妻妾之奉,"[(311, 55), (348, 232)]"
85,2,所識窮泛者得我與,"[(267, 61), (300, 407)]"
85,3,鄕爲身死而不受,"[(220, 58), (257, 360)]"
85,4,令爲宮室之羡爲之,"[(178, 61), (211, 401)]"
85,5,鄕爲身死而不受,"[(133, 60), (166, 362)]"
85,6,呐爲妻妾之奉爲之,"[(90, 60), (120, 400)]"
85,7,鄕爲身死而不受,"[(45, 58), (78, 366)]"
87,0,今爲所識窮泛者,"[(354, 68), (391, 372)]"
87,1,得我而爲之,"[(311, 68), (348, 283)]"
87,2,是亦不呵以己乎,"[(270, 70), (300, 374)]"
87,3,此之調失其本心,"[(219, 68), (259, 368)]"
87,4,孟子曰,"[(179, 70), (214, 192)]"
87,5,一人心也,"[(130, 67), (172, 287)]"
87,6,鄕人路也,"[(85, 63), (129, 286)]"
87,7,舍其路而錦由,"[(44, 68), (78, 325)]"
89,0,放其心而不知求,"[(344, 51), (399, 366)]"
89,1,哀哉,"[(304, 54), (355, 145)]"
89,2,人有難犬枚,"[(263, 59), (303, 277)]"
89,3,則知求之,"[(217, 58), (256, 226)]"
89,4,有放心,"[(175, 57), (213, 184)]"
89,5,而不知求,"[(127, 57), (171, 232)]"
89,6,𭓇問之道無他,"[(85, 55), (125, 318)]"
89,7,求其放慈而己矣,"[(44, 58), (79, 366)]"
91,0,孟子曰,"[(351, 65), (393, 194)]"
91,1,令育無名之指,"[(309, 66), (348, 325)]"
91,2,屈而不信,"[(262, 67), (300, 239)]"
91,3,排疾漏害事也,"[(219, 66), (257, 324)]"
91,4,如育能仲之者,"[(175, 66), (213, 327)]"
91,5,則不遠秦楚之路,"[(131, 69), (170, 370)]"
91,6,爲指之不苦人也,"[(86, 66), (123, 369)]"
91,7,指不若之則知惡之,"[(45, 65), (79, 455)]"
93,0,心不苦人則不知惡,"[(350, 62), (392, 455)]"
93,1,此之調不知類也,"[(307, 60), (350, 368)]"
93,2,孟子曰,"[(264, 60), (305, 187)]"
93,3,拱把之同梓,"[(218, 60), (259, 274)]"
93,4,人苟欲生之,"[(178, 64), (212, 269)]"
93,5,㗂知所以養之者,"[(132, 62), (167, 361)]"
93,6,全於身,"[(84, 59), (126, 196)]"
93,7,芇不知所以養之者,"[(44, 62), (78, 406)]"
95,0,曰爱身不苦桐,"[(352, 57), (402, 340)]"
95,1,梓哉,"[(308, 62), (347, 154)]"
95,2,𧖱思甚也,"[(265, 60), (306, 236)]"
95,3,孟子曰,"[(220, 64), (261, 190)]"
95,4,人之於身尼,"[(176, 66), (216, 279)]"
95,5,羕所愛,"[(132, 61), (170, 201)]"
95,6,羕所愛則羕所養也,"[(84, 61), (125, 412)]"
95,7,無尼寸之虐不愛焉,"[(47, 68), (77, 411)]"
97,0,則無尼寸之虐不養也,"[(353, 59), (391, 451)]"
97,1,所以考其善不善者,"[(314, 63), (344, 404)]"
97,2,宣有他哉,"[(268, 62), (302, 236)]"
97,3,於己取之而己矣,"[(221, 62), (258, 365)]"
97,4,𬂙有貴賎有小大,"[(173, 55), (217, 410)]"
97,5,無以小害大,"[(134, 60), (168, 277)]"
97,6,無以賎害貴,"[(89, 60), (122, 276)]"
97,7,養其小者爲小人,"[(46, 58), (79, 371)]"
99,0,養其大者爲大人,"[(353, 52), (392, 368)]"
99,1,令有場師,"[(305, 55), (347, 229)]"
99,2,舍其梧桃,"[(259, 56), (304, 237)]"
99,3,養其扙棘,"[(217, 55), (257, 234)]"
99,4,則爲賤場師焉,"[(174, 57), (213, 318)]"
99,5,養其丿指,"[(133, 57), (170, 230)]"
99,6,而失其氣畨,"[(88, 61), (123, 270)]"
99,7,而不知也,"[(44, 62), (78, 227)]"
101,0,則爲浪疾人也,"[(348, 56), (393, 317)]"
101,1,欽食之人,"[(301, 51), (349, 244)]"
101,2,則人賎之矣,"[(264, 59), (303, 276)]"
101,3,爲其養小以失大也,"[(222, 57), (256, 402)]"
101,4,欽食之人,"[(174, 56), (215, 238)]"
101,5,無有失也,"[(129, 55), (172, 228)]"
101,6,則口腹,"[(82, 55), (126, 195)]"
101,7,宣適爲尺寸之虐哉,"[(43, 59), (79, 408)]"
103,0,公都子問曰,"[(353, 65), (394, 279)]"
103,1,鈎是人也或爲大人,"[(309, 64), (350, 461)]"
103,2,或爲小何也,"[(266, 62), (305, 371)]"
103,3,孟子曰,"[(218, 64), (260, 192)]"
103,4,從其大體爲大人,"[(171, 64), (218, 381)]"
103,5,從其小体爲小人,"[(126, 63), (173, 387)]"
103,6,曰鈞是人也,"[(87, 70), (124, 281)]"
103,7,或從其犬體,"[(40, 65), (80, 285)]"
105,0,或從其小體,"[(351, 52), (395, 279)]"
105,1,何也,"[(311, 57), (348, 137)]"
105,2,曰甘目之官不思,"[(266, 65), (301, 358)]"
105,3,而󰰿於物,"[(218, 59), (257, 247)]"
105,4,物交物,"[(172, 55), (214, 189)]"
105,5,則引之而己矣,"[(131, 59), (167, 320)]"
105,6,心之官則思,"[(84, 62), (123, 274)]"
105,7,思則得之,"[(38, 57), (82, 230)]"
107,0,不思則不得也,"[(354, 64), (390, 323)]"
107,1,此天之所興我者,"[(312, 64), (345, 362)]"
107,2,先立乎其大者,"[(267, 62), (300, 320)]"
107,3,則其小者不能奪也,"[(222, 62), (254, 405)]"
107,4,此爲大人而己矣,"[(180, 64), (210, 365)]"
107,5,孟子曰,"[(133, 61), (168, 189)]"
107,6,有夭爵者有人爵者,"[(85, 58), (126, 455)]"
107,7,仁義忠信樂善不僣,"[(41, 60), (78, 455)]"
109,0,此夭爵也,"[(356, 60), (394, 224)]"
109,1,公卿六夫,"[(307, 55), (351, 236)]"
109,2,此人爵也,"[(266, 60), (303, 226)]"
109,3,古之人,"[(218, 54), (262, 193)]"
109,4,修其夭爵而人爵從之,"[(175, 54), (218, 448)]"
109,5,今之人,"[(127, 54), (172, 197)]"
109,6,修其夭爵以要人爵,"[(87, 58), (123, 404)]"
109,7,既得人爵而棄其天爵,"[(45, 62), (78, 448)]"
111,0,則惑之甚者也,"[(349, 61), (393, 326)]"
111,1,終亦冷亡而己矣,"[(304, 59), (353, 375)]"
111,2,孟子曰,"[(266, 60), (299, 190)]"
111,3,欲貴者,"[(216, 62), (261, 193)]"
111,4,人之同心也,"[(178, 69), (211, 278)]"
111,5,人人有貴於己者,"[(130, 68), (167, 369)]"
111,6,弗思耳矣,"[(85, 60), (125, 241)]"
111,7,人之所貴者,"[(42, 64), (79, 279)]"
113,0,非良貴也,"[(354, 57), (393, 227)]"
113,1,趙孟之所貴,"[(308, 57), (347, 272)]"
113,2,趙孟能貶之,"[(267, 57), (302, 269)]"
113,3,詩云,"[(216, 52), (257, 137)]"
113,4,既醉以洒既𫗄双德,"[(175, 58), (216, 455)]"
113,5,言𫗄乎人義也,"[(130, 61), (170, 318)]"
113,6,所以不慮人之,"[(82, 58), (122, 315)]"
113,7,骨梁之味也,"[(43, 55), (79, 275)]"
115,0,令聞廣譽施於身,"[(351, 55), (394, 372)]"
115,1,所以不慮人之文繡也,"[(310, 56), (348, 454)]"
115,2,孟子曰,"[(268, 57), (301, 185)]"
115,3,仁之勝不仁也,"[(215, 56), (261, 320)]"
115,4,猶水之勝夾,"[(172, 59), (215, 285)]"
115,5,今之爲仁者,"[(131, 61), (168, 276)]"
115,6,猶以丿麻水,"[(86, 59), (123, 281)]"
115,7,救丿車新之火也,"[(45, 56), (79, 367)]"
117,0,不患,"[(351, 59), (395, 150)]"
117,1,則謂之水不勝火,"[(311, 63), (346, 372)]"
117,2,此匕興於不仁之甚者也,"[(267, 66), (300, 496)]"
117,3,亦終冷元而己矣,"[(221, 61), (259, 369)]"
117,4,孟子曰,"[(177, 59), (215, 191)]"
117,5,五榖者,"[(129, 60), (171, 190)]"
117,6,樵之美者也,"[(84, 60), (126, 277)]"
117,7,苟爲不然不如箋釋,"[(43, 60), (80, 455)]"
119,0,夫仁亦在乎默之而己矣,"[(353, 66), (392, 515)]"
119,1,孟子曰,"[(312, 64), (344, 190)]"
119,2,󰑼之教人射,"[(265, 67), (302, 282)]"
119,3,志於斅,"[(220, 71), (254, 236)]"
119,4,學者亦志於榖,"[(172, 66), (212, 372)]"
119,5,大匠誨人必以規短,"[(130, 70), (168, 458)]"
119,6,學者亦以親短,"[(88, 69), (121, 370)]"
121,0,第十二章告子下,"[(354, 102), (394, 415)]"
121,1,任人有悶屋虚子曰,"[(305, 60), (351, 412)]"
121,2,禮期食執重,"[(265, 62), (304, 278)]"
121,3,曰禮重,"[(227, 64), (257, 190)]"
121,4,色與禮執重,"[(178, 67), (213, 286)]"
121,5,曰禮重,"[(136, 59), (173, 190)]"
121,6,曰以禮食則󰟘兒死,"[(88, 71), (127, 410)]"
121,7,不以禮食則得食,"[(44, 67), (79, 368)]"
123,0,冷以禮乎,"[(351, 60), (390, 239)]"
123,1,親迎則不得妻,"[(306, 58), (345, 319)]"
123,2,不親迎則得妻,"[(258, 59), (302, 321)]"
123,3,必親迎乎,"[(220, 63), (253, 231)]"
123,4,屋盧子不能對,"[(174, 60), (211, 317)]"
123,5,明日之鄒以告孟子,"[(127, 61), (167, 405)]"
123,6,孟子曰,"[(85, 58), (123, 185)]"
123,7,於答是也何有青,"[(38, 58), (78, 317)]"
125,0,不瑞其本而齊其耒,"[(356, 60), (392, 452)]"
125,1,方寸之末可之,"[(311, 62), (348, 496)]"
125,2,金重於羽者,"[(266, 56), (303, 270)]"
125,3,宣謂丿金,"[(220, 57), (259, 273)]"
125,4,興丿興羽之謂哉,"[(179, 57), (215, 368)]"
125,5,取食之重者,"[(133, 59), (170, 270)]"
125,6,典禮之輕者,"[(88, 56), (125, 272)]"
125,7,而北之奚拠食重同,"[(45, 62), (80, 386)]"
127,0,取色之重者,"[(352, 59), (389, 273)]"
127,1,典禮之輕者,"[(309, 57), (345, 269)]"
127,2,而北之奚𦑃色重,"[(268, 64), (300, 371)]"
127,3,徃應之曰,"[(212, 52), (266, 230)]"
127,4,参兄之階而奪之食,"[(173, 56), (213, 405)]"
127,5,則得食,"[(127, 57), (168, 187)]"
127,6,不㐱則不得食,"[(84, 54), (126, 320)]"
127,7,則將㐱之乎,"[(41, 58), (76, 274)]"
129,0,踰東家墻而㨿其處子,"[(354, 70), (393, 466)]"
129,1,則得,"[(309, 69), (350, 199)]"
129,2,不摸則不得妻,"[(268, 75), (304, 331)]"
129,3,則將摸之乎,"[(225, 73), (258, 292)]"
129,4,曹交問曰,"[(181, 75), (214, 241)]"
129,5,丿階呵以爲堯舜,"[(135, 75), (170, 377)]"
129,6,有諸,"[(86, 68), (125, 156)]"
129,7,孟子曰琮,"[(44, 70), (82, 285)]"
131,0,交󰘇文王匕尺,"[(355, 58), (388, 319)]"
131,1,湯九尺,"[(311, 57), (345, 189)]"
131,2,令交九尺四寸以長,"[(267, 59), (300, 405)]"
131,3,食栗而己,"[(221, 56), (258, 226)]"
131,4,如何則可台,"[(176, 57), (213, 269)]"
131,5,日奚有於是,"[(133, 64), (167, 281)]"
131,6,亦爲之而己矣,"[(89, 59), (122, 319)]"
131,7,有人於此,"[(41, 55), (81, 232)]"
133,0,力不能勝一𠀧難,"[(356, 57), (391, 363)]"
133,1,則爲無力尼矣,"[(309, 59), (344, 320)]"
133,2,令曰𦊚百鈎,"[(263, 58), (302, 275)]"
133,3,則爲有力人矣,"[(219, 59), (255, 318)]"
133,4,然則𦊚烏瓊之任,"[(178, 60), (211, 361)]"
133,5,是亦爲烏瓊而己矣,"[(133, 59), (166, 407)]"
133,6,夫人𡸈以不勝爲患哉,"[(90, 61), (120, 448)]"
133,7,弗爲耳,"[(41, 54), (78, 190)]"
135,0,徐行後長者,"[(359, 52), (393, 275)]"
135,1,謂之弟,"[(310, 59), (347, 189)]"
135,2,疾行先長者,"[(259, 57), (306, 274)]"
135,3,調之不弟,"[(221, 60), (258, 240)]"
135,4,夫徐行者,"[(176, 56), (215, 230)]"
135,5,宣人所不能哉,"[(129, 57), (171, 325)]"
135,6,所不爲也,"[(84, 55), (125, 235)]"
135,7,堯舜之道,"[(40, 53), (81, 227)]"
137,0,孝弟而己矣,"[(354, 56), (391, 275)]"
137,1,子服堯之服,"[(310, 59), (347, 279)]"
137,2,誦堯之言行堯之行,"[(261, 59), (305, 458)]"
137,3,是堯而己矣,"[(221, 58), (255, 274)]"
137,4,子服桀之服,"[(175, 57), (214, 279)]"
137,5,誦桀之言行桀之行,"[(126, 57), (172, 459)]"
137,6,是桀而己矣,"[(84, 55), (124, 278)]"
137,7,曰交得見於鄒君,"[(44, 64), (77, 362)]"
139,0,呵以假饒,"[(353, 68), (394, 243)]"
139,1,慮留而受業於門,"[(312, 67), (349, 371)]"
139,2,曰夫道若大路然,"[(268, 72), (304, 372)]"
139,3,宣難知哉,"[(224, 66), (262, 241)]"
139,4,人病不求耳,"[(178, 72), (214, 283)]"
139,5,子歸而求之,"[(133, 67), (172, 280)]"
139,6,有餘師,"[(86, 64), (127, 200)]"
139,7,公孫湿問同,"[(47, 70), (80, 281)]"
141,0,高子曰,"[(352, 55), (394, 185)]"
141,1,小年小人之詩也,"[(306, 55), (351, 405)]"
141,2,孟子曰,"[(262, 54), (306, 183)]"
141,3,何以言之,"[(217, 59), (269, 233)]"
141,4,曰紀,"[(181, 65), (212, 137)]"
141,5,曰固哉,"[(127, 58), (173, 189)]"
141,6,高隻之爲詩也,"[(77, 52), (129, 323)]"
141,7,有人於此,"[(38, 54), (78, 232)]"
143,0,越人󰘇弓而射之,"[(352, 56), (392, 359)]"
143,1,則己談樊而道之,"[(311, 60), (347, 357)]"
143,2,無他蹺之也,"[(267, 59), (300, 268)]"
143,3,其兄調弓而射之,"[(223, 59), (256, 356)]"
143,4,則尼垂涕泣而道之,"[(179, 59), (210, 399)]"
143,5,無他戚之也,"[(132, 58), (169, 273)]"
143,6,小𪪳之怒親親也,"[(82, 57), (129, 411)]"
143,7,親親仁也,"[(44, 58), (78, 227)]"
145,0,固矣夫,"[(350, 54), (395, 193)]"
145,1,高隻之爲詩也,"[(310, 59), (346, 316)]"
145,2,曰凱風何以不懇,"[(265, 64), (301, 372)]"
145,3,曰凱風,"[(219, 61), (257, 192)]"
145,4,親之過小者也,"[(174, 58), (214, 316)]"
145,5,小年親之過犬者也,"[(130, 54), (170, 447)]"
145,6,親之過犬而不怨,"[(83, 56), (125, 365)]"
145,7,是愈蹺也,"[(40, 55), (80, 236)]"
147,0,親之過小而懇,"[(358, 65), (396, 326)]"
147,1,是不可機也,"[(311, 68), (349, 282)]"
147,2,愈玩不孝也,"[(260, 62), (309, 329)]"
147,3,不可亦不孝也,"[(220, 69), (261, 415)]"
147,4,孔犯子曰,"[(175, 68), (220, 193)]"
147,5,舜其至孝矣,"[(129, 62), (173, 290)]"
147,6,五十而慕,"[(86, 61), (125, 242)]"
147,7,宋悭將之楚,"[(41, 70), (80, 283)]"
149,0,孟子過於石丘,"[(354, 54), (391, 312)]"
149,1,日先生將何之,"[(311, 59), (347, 316)]"
149,2,日吾󰘇秦楚構兵,"[(266, 59), (303, 361)]"
149,3,我將見楚王,"[(220, 54), (261, 268)]"
149,4,説而罷之,"[(173, 50), (218, 225)]"
149,5,楚王不悅,"[(131, 49), (172, 237)]"
149,6,我將見秦王,"[(85, 51), (126, 270)]"
149,7,説而罷之,"[(44, 55), (78, 230)]"
151,0,丿王我將有所過焉,"[(359, 50), (392, 399)]"
151,1,曰軻也請無問其詳,"[(316, 59), (345, 400)]"
151,2,慮󰘇其指,"[(267, 53), (304, 226)]"
151,3,説一之將何如之,"[(225, 57), (255, 283)]"
151,4,曰我將言其不利也,"[(182, 60), (211, 397)]"
151,5,曰先生之志則大矣,"[(137, 60), (166, 402)]"
151,6,先生之號則不可,"[(92, 56), (122, 357)]"
151,7,先生以利説秦楚之王,"[(47, 55), (77, 446)]"
153,0,秦楚之王悅於利,"[(347, 52), (394, 370)]"
153,1,以罷三軍之師,"[(311, 63), (346, 318)]"
153,2,是三軍之士樂罷,"[(264, 59), (303, 361)]"
153,3,而悅於利尼,"[(221, 63), (255, 270)]"
153,4,爲人臣者,"[(176, 56), (214, 230)]"
153,5,懷利以事其君,"[(132, 59), (168, 317)]"
153,6,爲人子者,"[(84, 53), (125, 231)]"
153,7,懷利以事其父,"[(43, 59), (78, 320)]"
155,0,爲人弟者,"[(352, 54), (393, 232)]"
155,1,懷利以事其兄,"[(311, 58), (348, 320)]"
155,2,是君臣,"[(263, 55), (308, 186)]"
155,3,父子,"[(219, 56), (264, 139)]"
155,4,兄弟終去仁義,"[(174, 60), (217, 325)]"
155,5,懷利󰜋相接,"[(129, 56), (172, 280)]"
155,6,然而不亡者,"[(85, 56), (126, 274)]"
155,7,耒之有也,"[(38, 55), (82, 234)]"
157,0,先生以仁義,"[(351, 55), (391, 278)]"
157,1,説秦楚之王,"[(308, 58), (347, 274)]"
157,2,秦楚之王悅於仁義,"[(264, 56), (301, 409)]"
157,3,以罷三軍之師,"[(220, 63), (255, 315)]"
157,4,是三軍之士樂罷,"[(178, 59), (212, 360)]"
157,5,而悅於仁義㐌,"[(131, 61), (169, 317)]"
157,6,爲人臣者,"[(86, 54), (123, 230)]"
157,7,懷仁義以事其君,"[(45, 60), (75, 360)]"
159,0,爲人子者,"[(346, 49), (398, 234)]"
159,1,懷仁義以事其父,"[(312, 60), (345, 360)]"
159,2,爲人弟者,"[(264, 56), (302, 229)]"
159,3,懷仁義以事其兄,"[(219, 58), (257, 365)]"
159,4,是君臣父子,"[(173, 55), (217, 322)]"
159,5,兄弟去利,"[(129, 58), (171, 240)]"
159,6,懷仁義󰜋相接也,"[(85, 58), (125, 365)]"
159,7,然而不王者,"[(42, 57), (79, 272)]"
161,0,耒之有也,"[(353, 62), (396, 242)]"
161,1,何冷白利,"[(310, 64), (352, 247)]"
161,2,孟子居鄕,"[(267, 67), (304, 239)]"
161,3,李任爲任處守,"[(222, 66), (259, 325)]"
161,4,以幣交一受之而不報,"[(178, 69), (215, 458)]"
161,5,處於平陸,"[(129, 60), (173, 240)]"
161,6,儲子爲相,"[(84, 63), (128, 241)]"
161,7,以幣交受之而不報,"[(44, 68), (83, 462)]"
163,0,他日由𫴋之任,"[(348, 57), (391, 322)]"
163,1,見李子,"[(308, 56), (349, 184)]"
163,2,由平陸之齊,"[(264, 59), (305, 274)]"
163,3,不見儲子,"[(221, 60), (258, 228)]"
163,4,屋慮子喜曰,"[(180, 61), (212, 267)]"
163,5,逴得間矣,"[(127, 51), (178, 241)]"
163,6,問曰,"[(91, 56), (122, 137)]"
163,7,夫子之任見季子,"[(44, 56), (81, 357)]"
165,0,之齊不見儲子,"[(351, 57), (394, 320)]"
165,1,爲其爲相期,"[(305, 55), (348, 283)]"
165,2,日非也,"[(266, 62), (301, 183)]"
165,3,書曰,"[(224, 58), (255, 137)]"
165,4,享多儀儀不﨤物,"[(173, 55), (217, 412)]"
165,5,曰不享,"[(133, 64), (169, 184)]"
165,6,惟不役志手享,"[(83, 57), (125, 319)]"
165,7,爲其不成享也,"[(42, 56), (79, 323)]"
167,0,星盧子悅,"[(346, 58), (393, 241)]"
167,1,或問之,"[(307, 61), (349, 191)]"
167,2,屋盧子曰,"[(258, 60), (303, 237)]"
167,3,李子不得之鄕,"[(218, 57), (256, 334)]"
167,4,儲子得之乎陸,"[(167, 59), (218, 330)]"
167,5,淳千𣩂曰,"[(129, 66), (166, 231)]"
167,6,先名實者爲人也,"[(83, 61), (125, 416)]"
167,7,後名實者自爲也,"[(39, 62), (77, 412)]"
169,0,夫子在三卿之中,"[(355, 59), (392, 358)]"
169,1,名實耒加於主下而去之,"[(311, 58), (348, 493)]"
169,2,仁者固如此乎,"[(263, 52), (305, 327)]"
169,3,孟子曰,"[(220, 56), (262, 186)]"
169,4,居下位,"[(175, 56), (216, 187)]"
169,5,不以賢事不肖者,"[(131, 59), (170, 362)]"
169,6,伯夷也,"[(82, 52), (130, 187)]"
169,7,五就湯一,"[(40, 57), (84, 192)]"
171,0,五就桀者,"[(349, 55), (392, 235)]"
171,1,併拜也,"[(311, 56), (347, 182)]"
171,2,不惡渃君,"[(263, 59), (300, 237)]"
171,3,不辭小官者,"[(218, 59), (258, 271)]"
171,4,柳下惠也,"[(169, 54), (215, 229)]"
171,5,三子者不同道,"[(130, 59), (170, 313)]"
171,6,其過一也,"[(85, 53), (126, 229)]"
171,7,一者何也,"[(42, 59), (79, 235)]"
173,0,曰仁也,"[(350, 59), (394, 187)]"
173,1,君子亦仁而己矣,"[(309, 59), (346, 365)]"
173,2,何必同,"[(263, 58), (303, 183)]"
173,3,旦魯参公之時,"[(213, 58), (261, 317)]"
173,4,公儀子爲政,"[(180, 59), (211, 271)]"
173,5,子柳子思爲臣,"[(129, 50), (169, 362)]"
173,6,會之削也滋甚,"[(87, 56), (123, 318)]"
173,7,若是乎賢者之,"[(44, 58), (77, 314)]"
175,0,無益於國也,"[(353, 54), (393, 274)]"
175,1,曰󰔄不用百里奚而亡,"[(312, 64), (346, 447)]"
175,2,秦樛公用之而𢀭,"[(265, 54), (305, 362)]"
175,3,不用賢則亡,"[(223, 60), (256, 270)]"
175,4,削何司得與,"[(178, 59), (212, 282)]"
175,5,曰昔者,"[(134, 63), (169, 189)]"
175,6,王約處於滇,"[(81, 55), (127, 276)]"
175,7,而河西善𦖻,"[(47, 61), (77, 268)]"
177,0,錦𧷺處於高唐,"[(354, 57), (390, 327)]"
177,1,而齊󰡏善歇,"[(312, 61), (346, 273)]"
177,2,莘周𢩽梁之妻,"[(262, 55), (303, 364)]"
177,3,善哭其夫而變國󰅒,"[(219, 58), (257, 449)]"
177,4,有諸内必形諸外,"[(172, 54), (216, 409)]"
177,5,爲其事而無其功者,"[(134, 59), (164, 403)]"
177,6,𡎥耒賞貯之也,"[(88, 58), (121, 315)]"
177,7,是故無賢者也,"[(44, 58), (77, 315)]"
179,0,有則󰠳冷識之,"[(354, 58), (390, 315)]"
179,1,曰乳子爲魯司寇,"[(314, 67), (344, 359)]"
179,2,不用一從而祭,"[(264, 59), (304, 322)]"
179,3,𤑟内不至,"[(220, 60), (257, 229)]"
179,4,不税嵬而行,"[(177, 61), (212, 274)]"
179,5,不知者以爲爲内也,"[(135, 65), (165, 402)]"
179,6,其知者以爲爲無禮也,"[(90, 62), (120, 446)]"
179,7,乃乳子則欲以微罪行,"[(43, 63), (79, 456)]"
181,0,不欲爲苟云,"[(351, 65), (392, 281)]"
181,1,君子之所爲,"[(307, 64), (351, 287)]"
181,2,𦊚人固不識也,"[(261, 65), (305, 327)]"
181,3,孟子曰,"[(218, 67), (258, 190)]"
181,4,五覇者,"[(172, 67), (213, 195)]"
181,5,三王之罪人也,"[(129, 70), (169, 326)]"
181,6,令之諸侯,"[(83, 64), (124, 240)]"
181,7,五𢀭之罪人也,"[(39, 69), (79, 328)]"
183,0,今之大夫,"[(351, 55), (395, 237)]"
183,1,冷之諸侯之罪人也,"[(311, 60), (346, 403)]"
183,2,夭子適諸侯日廵狩,"[(266, 62), (301, 405)]"
183,3,諸侯朝於夭子旦𨕭職,"[(218, 55), (261, 451)]"
183,4,春省耕而補不足,"[(176, 55), (216, 362)]"
183,5,秋省敘兒助不伶,"[(128, 58), (171, 365)]"
183,6,八其暄土地𬁖,"[(84, 59), (126, 363)]"
183,7,田野治養老,"[(45, 63), (77, 324)]"
185,0,尊賢俊傑在位,"[(350, 54), (396, 366)]"
185,1,則有慶󰆑以地,"[(310, 59), (351, 362)]"
185,2,八其彊土地筭蕪,"[(265, 59), (306, 406)]"
185,3,遺老失賢,"[(219, 53), (266, 282)]"
185,4,揞克在位則有讓,"[(174, 59), (217, 411)]"
185,5,一不朝則貶其爵,"[(132, 61), (172, 407)]"
185,6,再不朝則削其地,"[(85, 54), (129, 405)]"
185,7,三不朝則六師彩之,"[(42, 58), (84, 449)]"
187,0,是故天子討兒不伐,"[(355, 57), (391, 407)]"
187,1,諸侯伐而不討,"[(311, 57), (348, 316)]"
187,2,五覇者,"[(261, 58), (306, 189)]"
187,3,摱諸侯𧘇伐諸侯者也,"[(216, 52), (265, 451)]"
187,4,故曰五𢀭者,"[(178, 60), (212, 272)]"
187,5,三王之罪人也,"[(135, 63), (168, 315)]"
187,6,五覇桓公爲盛,"[(82, 55), (129, 365)]"
187,7,葵丘之會諸侯,"[(42, 56), (81, 320)]"
189,0,束性載書兒不𰙔血,"[(353, 57), (395, 401)]"
189,1,初命曰,"[(299, 52), (352, 186)]"
189,2,誅不孝,"[(264, 57), (306, 187)]"
189,3,無易𥸷子,"[(222, 58), (258, 228)]"
189,4,無以妾爲妻,"[(176, 56), (216, 279)]"
189,5,再命曰,"[(126, 55), (176, 187)]"
189,6,尊賢育才,"[(84, 56), (125, 286)]"
189,7,以彰有德,"[(37, 58), (83, 237)]"
191,0,三命曰,"[(349, 59), (394, 186)]"
191,1,敬老慈缺,"[(306, 58), (350, 271)]"
191,2,無忘寶旅,"[(264, 60), (302, 231)]"
191,3,四命曰,"[(221, 66), (255, 180)]"
191,4,士無世官,"[(167, 56), (219, 231)]"
191,5,官事無攝,"[(126, 60), (168, 234)]"
191,6,取士必得,"[(87, 63), (122, 227)]"
191,7,無專殺犬夫,"[(44, 59), (77, 284)]"
193,0,五命曰,"[(349, 56), (397, 188)]"
193,1,無曲防一無過羅,"[(304, 57), (352, 370)]"
193,2,無有風而不告,"[(269, 62), (299, 313)]"
193,3,曰几我同盥之人,"[(224, 65), (261, 358)]"
193,4,既盟之後言歸千好,"[(172, 60), (215, 453)]"
193,5,令之諸侯,"[(131, 57), (171, 234)]"
193,6,㗂犯此五禁,"[(83, 56), (126, 277)]"
193,7,故曰冷之諸侯,"[(41, 57), (80, 320)]"
195,0,五覇之罪人也,"[(354, 68), (389, 322)]"
195,1,長君之惡其罪小,"[(308, 63), (346, 419)]"
195,2,蓬君之惡其罪大,"[(263, 65), (300, 420)]"
195,3,爲之大夫皆逢君之惡,"[(220, 66), (255, 457)]"
195,4,故同爲之大夫,"[(179, 68), (209, 326)]"
195,5,令之諸侯之罪人也,"[(130, 66), (166, 410)]"
195,6,曾欲使憤子爲將軍,"[(87, 68), (120, 414)]"
195,7,孟子曰,"[(46, 68), (74, 185)]"
197,0,不教民而用之,"[(355, 60), (391, 315)]"
197,1,調之秩民秩民者,"[(308, 60), (352, 408)]"
197,2,不容於堯舜之世,"[(267, 63), (300, 357)]"
197,3,丿戰勝齊遂有南陽,"[(221, 66), (258, 457)]"
197,4,然旦不可,"[(177, 57), (214, 229)]"
197,5,憤子勃然不悅,"[(136, 61), (166, 316)]"
197,6,曰此則濁鍾所不識也,"[(88, 64), (124, 447)]"
197,7,日吾明告子,"[(45, 63), (79, 273)]"
199,0,夭子之地方千里,"[(357, 62), (391, 362)]"
199,1,不千里,"[(311, 61), (347, 182)]"
199,2,不足以待諸侯,"[(264, 62), (304, 322)]"
199,3,諸侯之地方百里,"[(220, 57), (260, 362)]"
199,4,不百里,"[(176, 59), (214, 184)]"
199,5,不足以守宗廟之典籍,"[(132, 61), (168, 455)]"
199,6,周公之封於魯,"[(87, 60), (124, 319)]"
199,7,爲方百里也,"[(41, 55), (81, 273)]"
201,0,地非不足,"[(353, 68), (390, 243)]"
201,1,而儉於百里,"[(311, 70), (346, 280)]"
201,2,太公之封於齊也,"[(265, 69), (301, 368)]"
201,3,亦爲方百里也,"[(221, 67), (254, 322)]"
201,4,地非不足也,"[(177, 70), (211, 281)]"
201,5,而儉於百里,"[(128, 68), (169, 285)]"
201,6,癸會方百里者五,"[(88, 69), (121, 367)]"
201,7,子以爲有王者作,"[(42, 68), (77, 370)]"
203,0,則魯在所損乎,"[(357, 71), (390, 335)]"
203,1,在所益乎,"[(313, 70), (347, 250)]"
203,2,徒取諸彼以與此,"[(265, 70), (305, 374)]"
203,3,然旦仁者不爲,"[(220, 70), (260, 332)]"
203,4,况於殺戈以求之乎,"[(180, 75), (213, 418)]"
203,5,君子之事君也,"[(135, 72), (168, 327)]"
203,6,務引其君󰜋當道,"[(84, 66), (128, 373)]"
203,7,志於仁而尼,"[(44, 71), (78, 284)]"
205,0,孟子曰,"[(352, 60), (392, 189)]"
205,1,今之事君者,"[(306, 59), (350, 282)]"
205,2,皆曰,"[(268, 63), (300, 149)]"
205,3,我能爲君辟土地,"[(216, 61), (259, 364)]"
205,4,綂府庸,"[(176, 64), (212, 189)]"
205,5,今之所調良臣,"[(131, 61), (167, 322)]"
205,6,古之所謂民賊也,"[(86, 64), (123, 368)]"
205,7,君不鄕道不志於仁,"[(40, 64), (82, 458)]"
207,0,而求富之是富桀也,"[(356, 70), (393, 464)]"
207,1,我能爲君約興國,"[(311, 67), (348, 376)]"
207,2,戰必克,"[(267, 70), (305, 210)]"
207,3,今之所調良臣,"[(223, 69), (259, 324)]"
207,4,古之所謂民賊也,"[(180, 70), (213, 367)]"
207,5,君不鄕道不志於仁,"[(131, 70), (168, 461)]"
207,6,而求爲之強𡃹,"[(88, 70), (124, 328)]"
207,7,是輔桀也,"[(46, 69), (79, 242)]"
209,0,由因之道,"[(353, 69), (391, 238)]"
209,1,無變冷之俗,"[(302, 59), (352, 281)]"
209,2,雖典之夭仁,"[(265, 66), (303, 284)]"
209,3,不能一朝居也,"[(221, 65), (257, 329)]"
209,4,白圭曰,"[(176, 74), (215, 195)]"
209,5,音欲二而取一,"[(129, 66), (169, 363)]"
209,6,何如,"[(85, 69), (123, 149)]"
209,7,孟子曰,"[(40, 65), (81, 195)]"
211,0,子之道貉道也,"[(354, 66), (394, 373)]"
211,1,萬室之國一二人陶,"[(311, 64), (351, 413)]"
211,2,則可乎,"[(268, 68), (304, 198)]"
211,3,曰不可,"[(225, 71), (259, 194)]"
211,4,𫥨不足用也,"[(181, 70), (215, 281)]"
211,5,曰夫貉,"[(129, 69), (173, 197)]"
211,6,五榖不生,"[(87, 69), (125, 239)]"
211,7,惟沗生之無城郎,"[(40, 65), (84, 419)]"
213,0,宮室宗廟,"[(352, 67), (390, 285)]"
213,1,祭祀之禮,"[(305, 63), (348, 240)]"
213,2,無諸侯幣帛鏖飧,"[(265, 64), (301, 381)]"
213,3,無百官育同,"[(224, 67), (251, 279)]"
213,4,故之十取一而足也,"[(178, 68), (211, 409)]"
213,5,令居中國,"[(132, 65), (166, 235)]"
213,6,去人倫無君子,"[(84, 64), (125, 371)]"
213,7,如之何其可也,"[(42, 66), (78, 328)]"
215,0,陶以家,"[(351, 62), (396, 202)]"
215,1,旦不可以爲國,"[(311, 70), (347, 324)]"
215,2,况無君子乎,"[(268, 70), (301, 282)]"
215,3,欲輕之於堯舜之道者,"[(218, 65), (260, 459)]"
215,4,大貉小貉也,"[(173, 63), (218, 323)]"
215,5,欲重之於堯舜之道者,"[(131, 66), (170, 457)]"
215,6,大傑,"[(84, 62), (127, 154)]"
215,7,小桀也,"[(44, 66), (79, 194)]"
217,0,白圭曰,"[(360, 65), (390, 188)]"
217,1,󰑼之治氷也愈於禹,"[(315, 65), (348, 408)]"
217,2,孟子曰子過矣,"[(266, 65), (307, 372)]"
217,3,禹之治水水之道也,"[(223, 63), (260, 453)]"
217,4,是故禹以四海爲懿,"[(181, 63), (213, 410)]"
217,5,令吾子以鄰國爲坚,"[(135, 64), (168, 411)]"
217,6,水逆行謂之澄水,"[(85, 58), (130, 413)]"
217,7,澄水者決水也,"[(43, 58), (84, 364)]"
219,0,仁人之所惡也,"[(348, 62), (400, 332)]"
219,1,咍子過矣,"[(308, 67), (351, 246)]"
219,2,孟子曰,"[(267, 70), (304, 194)]"
219,3,君子不亮一惡乎執,"[(216, 70), (264, 429)]"
219,4,會欲使樂正子爲政,"[(178, 71), (214, 426)]"
219,5,孟子曰,"[(132, 68), (167, 194)]"
219,6,音󰘇之,"[(83, 65), (128, 199)]"
219,7,喜而不寒,"[(42, 66), (82, 248)]"
221,0,公孫壬曰,"[(350, 63), (390, 234)]"
221,1,樂正子強乎,"[(308, 65), (345, 285)]"
221,2,曰否,"[(264, 70), (300, 148)]"
221,3,有知慮乎,"[(218, 67), (252, 239)]"
221,4,曰否,"[(174, 70), (210, 148)]"
221,5,多聞識乎,"[(130, 61), (167, 237)]"
221,6,曰否,"[(86, 69), (122, 149)]"
221,7,然則奚爲喜而不寒,"[(40, 64), (77, 424)]"
223,0,曰其爲人也好善,"[(353, 69), (394, 369)]"
223,1,好善足乎,"[(311, 67), (348, 242)]"
223,2,曰好善侵於夭下,"[(264, 71), (304, 369)]"
223,3,而况魯國牟,"[(226, 73), (253, 280)]"
223,4,夫苟好善,"[(175, 65), (214, 237)]"
223,5,則四海之凶,"[(133, 68), (170, 280)]"
223,6,㗂將輕牢埋,"[(89, 67), (123, 281)]"
223,7,而來告之以善,"[(46, 70), (76, 323)]"
225,0,夫苟不好善,"[(358, 69), (391, 282)]"
225,1,則人將曰,"[(310, 66), (349, 238)]"
225,2,記記子既己知之矣,"[(262, 64), (306, 462)]"
225,3,訛訛之聲音顔包,"[(223, 71), (256, 371)]"
225,4,距人於牟里之外,"[(179, 71), (212, 377)]"
225,5,士止於牟里之外,"[(136, 70), (166, 375)]"
225,6,則讒諸靣䛕之人至矣,"[(87, 68), (123, 462)]"
225,7,興讒諸面䛕之人居,"[(47, 70), (77, 418)]"
227,0,國欲治,"[(350, 61), (398, 192)]"
227,1,可得乎,"[(307, 64), (352, 196)]"
227,2,陳子曰,"[(264, 63), (308, 191)]"
227,3,古之君子何如則仕,"[(218, 65), (261, 457)]"
227,4,孟子曰,"[(176, 62), (217, 192)]"
227,5,所就三所去三,"[(127, 59), (176, 376)]"
227,6,迎之致敬扒有禮,"[(84, 65), (127, 377)]"
227,7,言將行其言也,"[(43, 68), (80, 324)]"
229,0,則就之,"[(352, 54), (397, 183)]"
229,1,禮貌耒衰,"[(306, 54), (354, 235)]"
229,2,言弗行也則去之,"[(267, 61), (309, 408)]"
229,3,其矣雖耒行其言也,"[(221, 55), (264, 448)]"
229,4,迎之致敬󰜋有禮,"[(175, 56), (220, 368)]"
229,5,則就之,"[(129, 54), (175, 186)]"
229,6,禮貌衰則去之,"[(83, 52), (132, 367)]"
229,7,其下,"[(45, 56), (84, 142)]"
231,0,朝不食爫不食,"[(352, 65), (394, 374)]"
231,1,鱗饒不能曲門斤,"[(311, 67), (347, 374)]"
231,2,君聞之,"[(265, 68), (303, 194)]"
231,3,曰吾大者不能行其道,"[(223, 74), (256, 455)]"
231,4,又不能從其言也,"[(178, 65), (211, 366)]"
231,5,使鱗餓於我土地,"[(131, 67), (171, 367)]"
231,6,𢚸命之,"[(85, 66), (125, 193)]"
231,7,周之亦可受也,"[(43, 65), (83, 368)]"
233,0,兑死而己矣,"[(352, 65), (394, 286)]"
233,1,孟子曰,"[(312, 69), (347, 193)]"
233,2,舜發於吠𣋚之中,"[(269, 67), (299, 370)]"
233,3,傳説𦊚於版説之間,"[(220, 67), (257, 415)]"
233,4,膠高󰁮於魚盥之中,"[(174, 63), (217, 419)]"
233,5,管夷吾𦊚於士,"[(132, 67), (168, 324)]"
233,6,孫叔敖𦊚於海,"[(87, 69), (123, 326)]"
233,7,百里奚𦊚於市,"[(44, 69), (76, 323)]"
235,0,故夭將降犬任於是人也,"[(352, 66), (390, 503)]"
235,1,必先苦其心志,"[(313, 66), (344, 322)]"
235,2,勞其飭骨饒其體膚,"[(266, 65), (304, 465)]"
235,3,空之其身,"[(219, 63), (258, 238)]"
235,4,行排訛其所爲,"[(175, 65), (215, 329)]"
235,5,所以動心恩性,"[(134, 69), (164, 322)]"
235,6,曾益其所不能,"[(88, 64), (123, 327)]"
235,7,人恒過然後能改,"[(41, 64), (83, 415)]"
237,0,因於心衝於慮,"[(347, 64), (395, 384)]"
237,1,而後作,"[(309, 63), (350, 192)]"
237,2,徵於包發於聲,"[(263, 65), (308, 374)]"
237,3,而後瑜,"[(223, 69), (257, 207)]"
237,4,八則無法家排士,"[(179, 69), (216, 369)]"
237,5,出則無敵國外患者,"[(132, 66), (171, 415)]"
237,6,國恒亡一,"[(90, 68), (123, 206)]"
237,7,然後知生於憂患,"[(44, 66), (80, 371)]"
239,0,而死於安樂也,"[(349, 65), (392, 327)]"
239,1,孟子曰,"[(316, 68), (347, 185)]"
239,2,教亦多𧗱矣,"[(260, 62), (307, 281)]"
239,3,子不人之教誨也者,"[(218, 65), (260, 415)]"
239,4,是亦教謝之而己矣,"[(172, 61), (217, 425)]"
