Page,Column,Transcription,Translation
5,0,Đệ Thập Nhất Chương Cáo Tử Thượng,CHƯƠNG XI : CÁO TỬ THƯỢNG
5,1,1 Cáo Tử Viết,1.Học trò Cáo Tử nói rằng :
5,2,Tính Do Kỷ Liễu Dã,Bản tính tự nhiên của người như cây kỷ liễu ;
5,3,Nghĩa Do Bôi Quyền Dã,Nghĩa là có thể uốn cong để làm chén bát.
5,4,Dĩ Nhân Tính Vi Nhân Nghĩa,"Nếu lấy bản tính tự nhiên của người ra làm điều nhân nghĩa,"
5,5,Do Dĩ Kỷ Liễu Vi Bôi Quyền,Thì cũng giống như lấy cây kỷ liễu uốn cong để làm chén bát vậy.
5,6,Mạnh Tử Viết,Thầy Mạnh Tử nói :
5,7,Tử Năng Thuận Kỷ Liễu Chi Tính,Trò có thể thuận theo tính vốn có của cây kỷ liễu
7,0,Nhi Dĩ Vi Bôi Quyền Hồ,uốn cong để làm chén bát được không ?
7,1,Tương Tường Tặc Kỷ Liễu,Hay là phải xẻ gỗ cây kỷ liễu ra
7,2,Nhi Hậu Dĩ Vi Bôi Quyền Dã,sau đó uốn cong rồi làm thành chén bát được ?
7,3,Như Tương Tường Tặc Kỷ Liễu,Như phải xẻ gỗ cây kỷ liễu
7,4,Nhi Dĩ Vi Bôi Quyền,"Rồi sau uốn cong làm thành chén bát,"
7,5,Tắc Diệc Tương Tường Tặc Nhân,Vậy thì cũng như bản tính tự nhiên của người phải xẻ ra (dạy dỗ)
7,6,Dĩ Vi Nhân Nghĩa Dư,Thì người ta mới biết làm điều nhân nghĩa đó ư ?
7,7,Suất Thiên Hạ Chi Nhân Nhi Họa Nhân Nghĩa Giả,"Bậc lớn trong thiên-hạ (làm theo trò) mà hại việc nhân nghĩa,"
9,0,Tất Tử Chi Ngôn Phù,ắt là do lời nói (sai lầm này) của trò đấy !
9,1,2 Cáo Tử Viết,2.Học trò Cáo Tử nói rằng :
9,2,Tính Do Khoan Thủy Dã,"Bản tính tự nhiên của người giống như nước chảy,"
9,3,Quyết Chư Đông Phương Tắc Đông Lưu,"Ta khơi thông về hướng đông thì nó chảy theo hướng đông,"
9,4,Quyết Chư Tây Phương Tắc Tây Lưu,Ta khởi thông về hướng tây thì nó chảy theo hướng tây.
9,5,Nhân Tính Chi Vô Phân Ư Thiện Bất Thiện Dã,"Bản tính tự nhiên của người không phân thiện hay bất thiện (ác),"
9,6,Do Thủy Chi Vô Phân Ư Đông Tây Dã,Cũng như nước chảy không phân hướng đông hay hướng tây.
9,7,Mạnh Tử Viết,Thầy Mạnh Tử nói :
11,0,Thủy Tín Vô Phân Ư Đông Tây,"Nước chảy đúng là không phân hướng đông hay hướng tây,"
11,1,Vô Phân Ư Thượng Hạ Hồ,"Nhưng lẽ nào không biết phân trên cao, dưới thấp sao ?"
11,2,Nhân Tính Chi Thiện Dã,"Bản tính tự nhiên của người vốn thiện,"
11,3,Do Thủy Chi Tựu Hạ Dã,Giống như tính (tự nhiên của) nước chảy từ trên cao xuống thấp.
11,4,Nhân Vô Hữu Bất Thiện,"Con người không có ai bất thiện cả,"
11,5,Thủy Vô Hữu Bất Hạ,Giống như tính nước lẽ nào chẳng chảy xuống thấp.
11,6,Kim Phù Thủy Bác Nhi Dược Chi,"Nay ta dùng tay đập mạnh xuống nước thì nó sẽ tung lên cao,"
11,7,Khả Sử Quá Tảng,"Có thể vượt qua trán,"
13,0,Kích Nhi Hành Chi,"Ta xây đê ngăn nó chảy,"
13,1,Khả Sử Tại Sơn,"Thì nó có thể ngưng động ở khe núi,"
13,2,Thị Khởi Thủy Chi Tính Tai,Nhưng sao phải là tính (tự nhiên) của nước ?
13,3,Kỳ Thế Tắc Nhiên Dã,Đó là vì tình thế nên nó phải như vậy.
13,4,Nhân Chi Khả Sử Vi Bất Thiện,"Con người có thể làm điều bất thiện,"
13,5,Kỳ Tính Diệc Do Thị Dã,"Thì cũng giống thế, do tình thế hoàn cảnh bị ép buộc phải làm."
13,6,3 Cáo Tử Viết,3.Học trò Cáo Tử nói :
13,7,Sinh Chi Vị Tính,Sự sống gọi là bản tính (tự nhiên).
15,0,Mạnh Tử Viết,Thầy Mạnh Tử nói :
15,1,Sinh Chi Vị Tính Dã,Trò nói “sự sống gọi là bản tính (tự nhiên).”
15,2,Do Bạch Chi Vị Bạch Dư,Thì cũng như cho rằng cái gì màu trắng cũng là trắng sao ?
15,3,Viết Nhiên,Cáo Tử đáp : thưa đúng vậy.
15,4,Bạch Vũ Chi Bạch Dã,"Thầy Mạnh Tử nói : trò nói vậy là màu trắng của lông trắng,"
15,5,Do Bạch Tuyết Chi Bạch,"Giống như màu trắng của tuyết trắng,"
15,6,Bạch Tuyết Chi Bạch,"Màu trắng của tuyết trắng,"
15,7,Do Bạch Ngọc Chi Bạch Dư,Giống như màu trắng của ngọc trắng sao ?
17,0,Viết Nhiên,Cáo Tử đáp : thưa đúng vậy.
17,1,Nhiên Tắc Khuyển Chi Tính Do Ngưu Chi Tính,Thầy Mạnh Tử nói :
17,2,Ngưu Chi Tính Do Nhân Chi Tính Dư,"nếu vậy thì bản tính con chó giống bản tính con trâu,"
17,3,4 Cáo Tử Viết,Bản tính con trâu giống với bản tính con người luôn sao ?
17,4,Tự Sắc Tính Dã,4.Học trò Cáo Tử nói rằng :
17,5,Nhân Nội Dã Phi Ngoại Dã,"Thích ăn, thích đẹp, là bản bản tính (tự nhiên)."
17,6,Nghĩa Ngoại Dã Phi Nội Dã,"Điều nhân, nằm ở bên trong."
17,7,Mạnh Tử Viết,"Điều nghĩa, nằm ở bên ngoài."
19,0,Khả Dĩ Vị Nhân Nội Nghĩa Ngoại Dã,"Vì sao trò nói điều nhân ở bên trong, điều nghĩa ở bên ngoài ?"
19,1,Viết Bỉ Trưởng Nhi Ngã Trưởng Chi,* Cáo Tử đáp : thưa như khi thấy người lớn tuổi thì con tôn trọng
19,2,Phi Hữu Trưởng Ư Ngã Dã,"(nghĩa),"
19,3,Do Bỉ Bạch Nhi Ngã Bạch Chi,Chẳng phải cái lớn tuổi ấy nằm ở (bên trong) con.
19,4,Tòng Kỳ Bạch Ư Ngoại Dã,"Giống như vật kia bên ngoài trắng thì con gọi là màu trắng,"
19,5,Cố Vị Chi Ngoại Dã,"Theo đó thì màu trắng nằm ở bên ngoài,"
19,6,Viết Dị Ư Bạch Mã Chi Bạch Dã,Thế nên con nói điều nghĩa nằm ở bên ngoài.
19,7,Vô Dĩ Dị Ư Bạch Nhân Chi Bạch Dã,"Thầy Mạnh Tử nói : vậy có khác gì màu trắng của con ngựa lông trắng ,"
21,0,Bất Thức Trưởng Mã Chi Trưởng Dã,"chẳng phân biệt sự lớn tuổi của con ngựa già,"
21,1,Vô Dĩ Dị Ư Trưởng Nhân Chi Trưởng Dư,là không khác gì mấy so với sự lớn tuổi của người già đó ư ?
21,2,Thả Vị Trưởng Giả Nghĩa Hồ,Vả lại trò tôn trọng
21,3,Trưởng Chi Giả Nghĩa Hồ,người lớn tuổi
21,4,Viết Ngô Đệ Tắc Ái Chi,là điều nghĩa ?
21,5,Tần Nhân Chi Đệ Tắc Bất Ái Dã,Hay tôn trọng
21,6,Thị Dĩ Ngã Vi Duyệt Giả Dã,cái tuổi lớn
21,7,Cố Vị Chi Nội,là điều nghĩa ?
23,0,Trưởng Sở Nhân Chi Trưởng,"Con tôn trọng người nước Sở lớn tuổi,"
23,1,Diệc Trưởng Ngô Chi Trưởng,"Cũng như tôn trọng người lớn tuổi ở nước con,"
23,2,Thị Dĩ Trưởng Vi Duyệt Giả Dã,Con cảm thấy vui lòng khi tôn trọng người lớn tuổi.
23,3,Cố Vị Chi Ngoại Dã,Thế nên con cho rằng điều nghĩa nằm ở bên ngoài.
23,4,Viết Thị Tần Nhân Chi Chá,*Thầy Mạnh Tử nói : ta
23,5,Vô Dĩ Di Ư Thị Ngô Chá,ưa thích
23,6,Phù Vật Tắc Diệc Hữu Nhiên Giả Dã,món chả nướng của người
23,7,Nhiên Tắc Thị Chá Diệc Hữu Ngoại Dư,nước Tần
25,0,5 Mạnh Quý Tử Vấn Công Đô Tử Viết,5.Ông Mạnh Quý Tử hỏi người học trò Công Đô Tử rằng :
25,1,Khả Dĩ Vị Nghĩa Nội Dã,Vì sao nói đều nghĩa ở bên trong ta ?
25,2,Viết Hành Ngô Kính,"Công Đô Tử đáp : đó là hành vi kính trọng của ta (phát ra),"
25,3,Cố Vị Chi Nội Dã,Nên nói (điều nghĩa) ở bên trong ta.
25,4,Hương Nhân Trưởng Ư Bá Huynh Nhất Tuế,"Mạnh Quý Tử nói : làng tôi có người lớn hơn anh họ tôi một tuổi,"
25,5,Tắc Thùy Kính,Vậy thì nên kính trọng ai ?
25,6,Viết Kính Huynh,Công Đô Tử đáp : nên kính trọng người anh họ.
25,7,Chước Tắc Thùy Tiên,Mạnh Quý Tử hỏi : khi mời rượu thì ai mời trước ?
27,0,Viết Tiên Chước Hương Nhân,Công Đô Tử đáp : nên mời người trong làng trước.
27,1,Sở Kính Tại Thử Sở Trưởng Tại Bỉ,"Mạnh Quý Tử nói : lúc kính trọng người này, lúc tôn trọng người kia,"
27,2,Quả Tại Ngoại Phi Do Nội Dã,"Quả nhiên đều nghĩa ở bên ngoài, không phải do ở bên trong rồi."
27,3,Công Đô Tử Bất Năng Đáp,"Công Đô Tử không thể trả lời (được câu hỏi của ông Mạnh Quý Tử),"
27,4,Dĩ Cáo Mạnh Tử,Bèn đến hỏi thầy Mạnh Tử.
27,5,Mạnh Tử Viết,Thầy Mạnh Tử nói : (trò hãy hỏi lại ông ta)
27,6,Kính Thúc Phụ Hồ,Nên kính trọng chú mình ?
27,7,Kính Đệ Hồ,hay kính trọng em mình ?
29,0,Bỉ Tương Viết Kính Thúc Phụ,Ông ta sẽ đáp : kính trọng chú mình.
29,1,Viết Đệ Vi Thi Tắc Thùy Kính,"Rồi trò hỏi tiếp : Khi em mình đóng vai thần linh, thì nên kinh trọng ai ?"
29,2,Bỉ Tương Viết Kính Đệ,Ông ta sẽ đáp : kính trọng em mình.
29,3,Tử Viết,Trò hãy hỏi :
29,4,Ô Tại Kỳ Kính Thúc Phụ Dã,Ô vậy lòng kính trọng chú mình thì sao ?
29,5,Bỉ Tương Viết Tại Vị Cố Dã,Ông ta sẽ đáp : vì địa vị nên phải thay đổi.
29,6,Tử Diệc Viết Tại Vị Cố Dã,Trò cũng nói : vậy là vì địa vị nên phải thay đổi.
29,7,Dung Kính Tại Huynh,Rồi trả lời câu hỏi của ông ấy sự kính trọng anh họ (vì địa vị nên phải
31,0,Tư Tu Chi Kính Tại Hương Nhân,Trong chốc lát thì phải kính trọng người trong làng.
31,1,Quý Tử Văn Chi Viết,Ông Mạnh Quý Tử nghe câu trả lời của Công Đô Tử vẫn nói :
31,2,Kính Thúc Phụ Tắc Kính,"Lúc nên kính trọng chú thì kính chú,"
31,3,Kính Đệ Tắc Kính,"Lúc nên kính trọng em thì kính em,"
31,4,Quá Tại Ngoại Phi Do Nội Dã,"Quả nhiên đều nghĩa ở bên ngoài, không phải do ở bên trong."
31,5,Công Đô Tử Viết,Công Đổ Tử đáp :
31,6,Đông Nhật Tắc Ẩm Thang,"Ngày mùa đông thì ưa uống nước nóng,"
31,7,Hạ Nhật Tắc Ẩm Thủy,"Ngày mùa hạ thì ưa uống nước lạnh,"
33,0,Nhiên Tắc Ẩm Thực Diệc Tại Ngoại Dã,Nếu theo ông nói thì việc ưa ăn uống chắc cũng ở bên ngoài ta vậy.
33,1,6 Công Đô Tử Viết,6.Học trò Công Đô Tử hỏi rằng :
33,2,Cáo Tử Viết,Thưa anh Cáo Tử nói rằng :
33,3,Tính Vô Thiện Vô Bất Thiện Dã,"“Bản tính tự nhiên của người không thiện, không bất thiện (ác).”"
33,4,Hoặc Viết,Nhưng có người nói rằng :
33,5,Tính Khả Dĩ Vi Thiện,"Bản tính tự nhiên của người có thể là thiện,"
33,6,Khả Dĩ Vi Bất Thiện,"có thể là bất thiện,"
33,7,Thị Cố Văn Võ Hưng Tắc Dân Hảo Thiện,"Vậy nên khi vua Văn Vương, Võ Vương dấy lên thì dân thích điều thiện,"
35,0,U Lệ Hưng Tắc Dân Hảo Bạo,"Khi Vua U Vương, Lệ Vương dấy lên thì dân thích điều tàn bạo (ác)."
35,1,Hoặc Viết,người ta nói rằng :
35,2,Hữu Tính Thiện Hữu Tính Bất Thiện,"Bản tính tự nhiên của người có thiện, có bất thiện,"
35,3,Thị Cố Dĩ Nghiêu Vi Quân Nhi Hữu Tượng,"Vậy nên thời vua Nghiêu làm vua thì có tên Tượng,"
35,4,Dĩ Cổ Tẩu Vi Phụ Nhi Hữu Thuấn,"Với ông Cổ Tẩu là cha (ác) thì có ông Thuấn (thiện),"
35,5,Dĩ Trụ Vi Huynh Chi Tử Thả Dĩ Vi Quân,"Rồi vua Trụ lấy thân phận cháu mà được lên làm vua (ác),"
35,6,Nhi Hữu Vi Tử Khởi,"Thì có ông Vi Tử Khởi,"
35,7,Vương Tử Tỷ Can,Ông Vương Tử Tỷ Can (thiện).
37,0,Kim Viết Tính Thiện,"Nay thầy nói bản tính tự nhiên của người là thiện,"
37,1,Nhiên Tắc Bỉ Giai Phi Dư,Thế thì những lời kia đều không đúng hết ư ?
37,2,Mạnh Tử Viết,Thầy Mạnh Tử đáp :
37,3,Nãi Nhược Kỳ Tính Tắc Khả Dĩ Vi Thiện Hỹ,"Nương theo nhân tình mà nói thì bản tính tự nhiên có thể là thiện,"
37,4,Nãi Sở Vị Thiện Dã,"Nên ta nói bản tính tự nhiên của người là thiện,"
37,5,Nhược Phù Vi Bất Thiện,"Còn nói bản tính tự nhiên của người bất thiện (ác),"
37,6,Phi Tài Chi Tội Dã,Là bị hoàn cảnh làm thay đổi không thể đổ hết tội như vậy được.
37,7,Trắc Ẩn Chi Tâm Nhân Giai Hữu Chi,"Lòng thương xót, người ta đều có ;"
39,0,Tu Ố Chi Tâm Nhân Giai Hữu Chi,"Lòng xấu hổ, chán ghét, người ta đều có ;"
39,1,Cung Kính Chi Tâm Nhân Giai Hữu Chi,"Lòng cung kính, người ta đều có ;"
39,2,Thị Phi Chi Tâm Nhân Giai Hữu Chi,"Lòng phân biệt phải trái, người ta đều có."
39,3,Trắc Ẩn Chi Tâm Nhân Dã,"Lòng thương xót, đó là Nhân ;"
39,4,Tu Ố Chi Tâm Nghĩa Dã,"Lòng xấu hổ, chán ghét, đó là Nghĩa ;"
39,5,Cung Kính Chi Tâm Lễ Dã,"Lòng cung kính, đó là điều Lễ ;"
39,6,Thị Phi Chi Tâm Trí Dã,"Lòng phân biệt phải trái, đó là Trí."
39,7,Nhân Nghĩa Lễ Trí,"Nhân, Nghĩa, Lễ, Trí,"
41,0,Phi Do Ngoại Thước Ngã Dã,"Chẳng phải do bên ngoài nung đúc cho ta,"
41,1,Ngã Cố Hữu Chi Dã,"Mà nó vốn sẵn có trong ta,"
41,2,Phất Tư Nhĩ Hỹ,Chẳng qua là ta chư suy tư tìm ra đó thôi.
41,3,Cố Viết,Nên nói rằng :
41,4,Cầu Tắc Đắc Chi Xả Tắc Thất Chi,"“Tìm cầu nó thì được, buông bỏ nó thì mất.”"
41,5,Hoặc Tương Bội Tỷ Nhi Vô Toán Giả,"Chịu làm thì sẽ được gấp hai, gấp năm lần mà không tính hết,"
41,6,Bất Năng Tận Kỳ Tài Giả Dã,Khi đem ra dùng hoài chẳng hết vậy.
41,7,Thi Viết,Kinh Thi viết rằng :
43,0,Thiên Sinh Chưng Dân Hữu Vật Hữu Tắc,"Trời sinh ra dân chúng, hễ có sự vật thì có phép tắc."
43,1,Dân Chi Bỉnh Di Hảo Thị Ý Đức,"Dân biết (phép tắc) giữ bản tính thường, thì họ ưa thích những nết tốt."
43,2,Khổng Tử Viết,Đức Khổng Tử nói rằng :
43,3,Vi Thử Thi Giả,"Người làm ra bài thơ này,"
43,4,Kỳ Tri Đạo Hồ,Thật hiểu biết đạo lý thay !
43,5,Cố Hữu Vật Tất Hữu Tắc,"Cho nên có sự vật thì có phép tắc,"
43,6,Dân Chi Bỉnh Di Dã,"Dân biết (phép tắc) giữ bản tính thường,"
43,7,Cố Hảo Thị Ý Đức,Nên họ ưa thích những nết tốt vậy.
45,0,7 Mạnh Tử Viết,7.Thầy Mạnh Tử nói rằng :
45,1,Phú Tuế Tử Đệ Đa Lại,"Vào năm làm được mùa, con em người dân rất hiền lành ;"
45,2,Hung Tuế Tử Đệ Đa Bạo,"Nhưng gặp năm mất mùa, con em người dân rất hung bạo."
45,3,Phi Thiên Chi Giáng Tài Nhĩ Thù Dã,"Chẳng phải trời giáng xuống tính cách họ khác nhau như thế,"
45,4,Kỳ Sở Dĩ Hãm Nịch Kỳ Tâm Giả Nhiên Dã,Mà ở chổ tâm hồn họ bị hoàn cảnh bức ép phải làm vậy.
45,5,Kim Phù Mâu Mạch,"Nay ta lấy hạt lúa mạch,"
45,6,Bá Chủng Nhi Ưu Chi,"Đem chúng gieo giống rồi phủ đất lên,"
45,7,Kỳ Địa Đồng Thụ Chi Thời Hựu Đồng,"trồng cùng một ruộng, thời gian chăm sóc như nhau,"
47,0,Bột Nhiên Nhi Sinh,"Rồi dĩ nhiên chúng phát triển,"
47,1,Chí Ư Nhật Chí Chi Thời,"Đến thời gian vào ngày đông chí,"
47,2,Giai Thục Hỹ,Thì cả ruộng đều chín hết cả.
47,3,Tuy Hữu Bất Đồng,"Tuy vậy cũng có những chổ (hạt lúa) không đồng đều nhau,"
47,4,Tắc Địa Hữu Phì Nghiêu,"Đó là do nơi trồng lúa có chỗ đất tốt, có chổ đất xấu,"
47,5,Vũ Lộ Chi Dưỡng,"Cộng thêm mưa xống dưỡng lúa,"
47,6,Nhân Sự Chi Bất Tề Dã,Người chăm sóc lúa cũng không như nhau.
47,7,Cố Phàm Đồng Loại Giả,"Cho nên phàm vật gì cùng một loại,"
49,0,Cử Tương Tự Dã,"Thì bản tính tương tự nhau,"
49,1,Hà Độc Chí Ư Nhân Nhi Nghi Chi,Vậy thì sao riêng với người lại nghi ngờ bản tính không như nhau ?
49,2,Thánh Nhân Dữ Ngã Đồng Loại Giả,Bản tính người thường và bậc thánh nhân đồng một loại vậy.
49,3,Cố Long Tử Viết,Vì thế ông Long Tử nói rằng :
49,4,Bất Tri Túc Nhi Vi Lũ,"Thợ bện dép sao biết hết cỡ chân người để làm ra dép,"
49,5,Ngã Tri Kỳ Bất Vi Quĩ Dã,Nhưng ta biết chắc là người thợ đó không bện ra cái giỏ vậy.
49,6,Lũ Chi Tương Tự,"Dép làm ra hình dáng tương tự nhau,"
49,7,Thiên Hạ Chi Túc Đồng Dã,Vì hình dáng chân của người thiên-hạ giống như nhau.
51,0,Khẩu Chi Ư Vị Hữu Đồng Thị Dã,"người ai cũng có miệng cảm nhận mùi vị, có sự ham thích ăn uống như nhau."
51,1,Dịch Nha Tiên Đắc Ngã Khẩu,Đầu bếp nổi tiếng Dịch Nha lại biết trước cách làm cho cái miệng ta
51,2,Chi Sở Thị Giả Dã,ham thích ăn những món ông ấy làm.
51,3,Như Sử Khẩu Chi Ư Vị Dã,"Như cái miệng cảm nhận mùi vị,"
51,4,Kỳ Tính Dữ Nhân Thù,"của Dịch Nha khác tính (cấu tạo) với mọi người,"
51,5,Nhược Khuyển Mã Chi Dữ Ngã Bất Đồng Loại Dã,"thì cũng giống như chó ngựa không cùng đồng loại với ta,"
51,6,Tắc Thiên Hạ Hà Thị Giai Tòng,"Thì người thiên-hạ sao thích ăn những món ông ấy làm, cùng cho rằng"
51,7,Dịch Nha Chi Ư Vị Dã,đầu bếp Dịch Nhà là người giỏi cảm nhận mùi vị ?
53,0,Chí Ư Vị,"Đến như việc cảm nhận mùi vị đồ ăn,"
53,1,Thiên Hạ Kỳ Ư Dịch Nha,"Thì trong thiên hạ ai giỏi bằng ông Dịch Nha,"
53,2,Thị Thiên Hạ Chi Khẩu Tương Tựa Dã,Điều này chứng tỏ cái miệng của người thiên-hạ với Dịch Nha giống nhau.
53,3,Duy Nhĩ Diệc Nhiên Chí Ư Thanh,"Riêng về lỗ tai cũng thế, đến như sự cảm nhận âm thanh,"
53,4,Thiên Hạ Kỳ Ư Sư Khoáng,"Thì người trong thiên ai giỏi bằng Sư Khoáng,"
53,5,Thị Thiên Hạ Chi Nhĩ Tương Tựa Dã,Đó là (cấu tạo) lỗ tai của người thiên-hạ với Sư Khoáng giống nhau vậy.
53,6,Duy Mục Diệc Nhiên Chí Ư Tử Đô,"Riêng về con mắt cũng thế, đến như ông Tử Đô nước Trịnh,"
53,7,Thiên Hạ Mạc Bất Như Kỳ Giảo Dã,Thì người trong thiên-hạ ai không biết vẻ đẹp của ông ;
55,0,Bất Tri Đô Tử Chi Giảo Giả,"Kẻ mà không biết vẻ đẹp của ông ta,"
55,1,Vô Mục Giả Dã,Là người không có mắt vậy.
55,2,Cố Viết,Cho nên nói :
55,3,Khẩu Chi Ư Vị Dã,"* Cái miệng đối với sự cảm nhận mùi vị,"
55,4,Hữu Đồng Thị Yên,có sự ưa thích giống nhau ;
55,5,Nhĩ Chi Ư Thanh Dã,"* Lỗ tai đối với sự cảm nhận âm thanh,"
55,6,Hữu Đồng Thính Yên,có cách nghe giống nhau ;
55,7,Mục Chi Ư Sắc Dã,"* Con Mắt đối với nhìn hình sắc bên ngoài,"
57,0,Hữu Đồng Mỹ Yên,có sự cảm nhận cái đẹp giống nhau.
57,1,Chí Ư Tâm,"Vậy thì đến như tâm người,"
57,2,Độc Vô Sở Đồng Nhiên Hồ,sao riêng lại nghi ngờ nó không giống nhau ?
57,3,Tâm Chi Sở Đồng Nhiên Giả,"Chổ giống nhau của tâm người đó,"
57,4,Hà Dã,Là như thế nào ?
57,5,Vị Lý Dã Nghĩa Dã,"Ở chổ hợp lý, ở chổ hợp nghĩa vậy."
57,6,Thánh Nhân Tiên Đắc Ngã Tâm,"Bậc thánh nhân đã tìm hiểu được trước, cho rằng tâm của chúng ta"
57,7,Chi Sở Đồng Nhiên Nhĩ,đều giống như nhau.
59,0,Cố Lý Nghĩa Chi Duyệt Ngã Tâm,"Cho nên khi làm việc gì hợp nghĩa lý thì làm tâm ta vui vẻ,"
59,1,Do Sô Hoạn Chi Duyệt Ngã Khẩu,Như nấu nướng thịt động vật tươi thì ta ăn ngon miệng vậy.
59,2,8 Mạnh Tử Viết,8.Thầy Mạnh Tử nói rằng :
59,3,Ngưu Sơn Chi Mộc Thường Mỹ Hỹ,Cây cối núi Ngưu (phía đông nước Tề) từng xanh tốt.
59,4,Dĩ Kỳ Giao Ư Đại Quốc Dã,"Nhưng vì chổ nó nằm gần biên giới các nước lớn,"
59,5,Phủ Cân Phạt Chi,"Cho nên thường xuyên bị người chặt phá,"
59,6,Khả Dĩ Vi Mỹ Hồ,Làm vậy hoài thì làm sao giữ nổi vẻ xanh tốt được ?
59,7,Thị Kỳ Nhật Dạ Chi Sở Tức,"Cây cối trên núi ấy ngày đêm hít thở không khí,"
61,0,Vũ Lộ Chi Sở Nhuận,"Được mưa sương tưới nước thấm nhuần,"
61,1,Phi Vô Manh Nghiệt Chi Sinh Yên,"Nên không thể không tiếp tục nảy mầm sinh trưởng,"
61,2,Ngưu Dương Hựu Tòng Nhi Mục Chi,"nhưng người dẫn trâu dê liên tiếp kéo đến ăn phá (hết mầm non),"
61,3,Thị Dĩ Nhược Bỉ Trạc Trạc Dã,Cho nên khung cảnh núi ấy bị trơ trụi đến như thế.
61,4,Nhân Kiến Kỳ Trạc Trạc Dã,"Người ta thấy cảnh núi trơ trụi đó,"
61,5,Dĩ Vi Vị Thường Hữu Tài Yên,"Thì liền cho rằng núi ấy chưa từng có cây cối,"
61,6,Thử Khởi Sơn Chi Tính Dã Tai,Nhưng lời nói đó há có thật với bản chất vốn có của núi ấy không ?
61,7,Tuy Tồn Hồ Nhân Giả,"Nếu như đem cái lý đó để nói về bản tính vốn có ở người,"
63,0,Khởi Vô Nhân Nghĩa Chi Tâm Tai,Há người không có tấm lòng nhân nghĩa sao ?
63,1,Kỳ Sở Dĩ Phòng Kỳ Lương Tâm Giả,"Nhưng vì họ chạy theo dục vọng nên đánh mất lương tâm đó đi,"
63,2,Diệc Do Phủ Cân Chi Ư Mộc Dã,Cũng như cây cối núi (Ngưu) thường xuyên bị người chặt phá vậy.
63,3,Đán Đán Nhi Phạt Chi,"Cứ mỗi sáng thức dậy người ta chặt bỏ đi lương tâm (nhân nghĩa),"
63,4,Khả Dĩ Vi Mỹ Hồ,Thì làm sao tạo được nhân cách tốt đẹp được ?
63,5,Kỳ Nhật Dã Chi Sở Tức,"Sau một đêm ngủ nghỉ,"
63,6,Bình Đán Chi Khí,"Đến lúc trời sáng cái khí thiện lương được phục hồi,"
63,7,Kỳ Hảo Ố Dữ Nhân Tương Cận Dã,Lúc ấy sự ưa ghét của người ta rất gần với lương tâm (nhân nghĩa) .
65,0,Giả Ky Hy,"Nhưng khoảnh khắc ấy họ giữ không được lâu,"
65,1,Tắc Kỳ Đán Trú Chi Sở Vi,"Rồi họ lao vào làm việc từ sáng đến chiều,"
65,2,Hữu Cốc Vong Chi Hỹ,"Lại ngăn bít, đánh mất lương tâm ấy đi."
65,3,Cốc Chi Phản Phúc,Hàng ngày họ cứ làm việc ngăn bít
65,4,Tắc Kỳ Dạ Khí Bất Túc Dĩ Tồn,"lương tâm ấy,"
65,5,Dạ Khí Bất Túc Dĩ Tồn,Cái khí lực thiện lương phục hồi vào buổi tối không đủ để bù đắp vào.
65,6,Tắc Kỳ Vi Cầm Thú Bất Viễn Hỹ,"Khi cái khí lực thiện lương không đủ để bù đắp vào lương tâm ấy,"
65,7,Nhân Kiến Kỳ Cấm Thú Dã,Thì tính cách họ chẳng xa tính cách cầm thú là mấy.
67,0,Nhi Dĩ Vi Vị Thường Hữu Tài Yên Giả,"Thì bảo rằng cái bản tính tự nhiên của người không lương thiện,"
67,1,Thị Khởi Nhân Chi Tình Dã Tai,Nhưng sự thật há bản tính của người là thế chăng ?
67,2,Cố Cẩu Đắc Kỳ Dưỡng,"Nếu ta biết nuôi dưỡng cái lương tâm ấy,"
67,3,Vô Vật Bất Trưởng,"Thì không một ai là không phát triển lòng nhân nghĩa,"
67,4,Cảu Thất Kỳ Dưỡng,"Còn nếu không biết nuôi dưỡng,"
67,5,Vô Vật Bất Tiêu,Thì người ta sẽ đánh mất đi lòng nhân nghĩa vậy.
67,6,Khổng Tử Viết,Đức Khổng Tử nói rằng :
67,7,Thao Tắc Tồn Xả Tắc Vong,"Giữ thì còn, bỏ thì mất."
69,0,Xuất Nhập Vô Thời,"Ra vào không nhất định,"
69,1,Mạc Tri Kỳ Hương,Cũng không có nơi chốn cụ thể.
69,2,Duy Tâm Chi Vị Dư,Đó đang nói về lương tâm ư !
69,3,9 Mạnh Tử Viết,9.Thầy Mạnh Tử nói rằng :
69,4,Vô Hoặc Hồ Vương Chi Bất Trí Dã,Vua (Tề) không sáng suốt điều đó chẳng có gì lạ.
69,5,Tuy Hữu Thiên Hạ Dị Sinh Vật Vật Dã,"Dù trong thiên hạ có loài cây dễ sống nhất,"
69,6,Nhất Nhật Bộc Chi Thập Nhật Hàn Chi,"Nhưng ta đem nó một ngày phơi nắng, mười ngày ủ lạnh,"
69,7,Vị Hữu Năng Sinh Giả Dã,Thì nó cũng không thể nào (nảy mầm) sinh trưởng nổi.
71,0,Ngô Kiến Diệc Hãn Hỹ,"Ta thân cận vua (Tề) thời gian rất ít ỏi,"
71,1,Ngô Thối Nhi Hàn Chi Giả Chí Hỹ,"Còn lúc xa vua thì giống như đem ủ lạnh cây vậy,"
71,2,Ngô Như Hữu Manh Yên Hà Tai,Như thế thì sao ta có thể (giúp vua) nảy mầm (nhân nghĩa) được !
71,3,Kim Phù Dịch Chi Vi Số,"Nay ta lấy kỹ thuật đánh cờ ví dụ,"
71,4,Tiểu Số Dã,"Đó là một thuật nhỏ,"
71,5,Bất Chuyên Tâm Trí Chí,"Nhưng nếu không chuyên tâm hướng chí vào tính toán,"
71,6,Tắc Bất Đắc Dã,Thì không bao giờ giỏi được.
71,7,Dịch Thu,"Ông Dịch Thu,"
73,0,Thông Quốc Chi Thiện Dịch Giả Dã,Là người đánh cờ giỏi nhất nước.
73,1,Sử Dịch Thu Hối Nhị Nhân Dịch,Như khiến ông Dịch Thu nhận dạy hai người học đánh cờ :
73,2,Kỳ Nhất Nhân Chuyên Tâm Trí Chí,"* Một người học thì chuyên tâm hướng chí,"
73,3,Duy Dịch Thu Chi Vi Thính,Vào những lời ông Dịch Thu dạy;
73,4,Nhất Nhân Tuy Thính Chi,"* Một người học tuy có nghe dạy,"
73,5,Nhất Tâm Dĩ Vi Hữu Hồng Hộc Tương Chí,"Nhưng một lòng chỉ nghĩ về đàn chim hồng, chim hộc sắp bay đến,"
73,6,Tư Viên Cung Chước Nhi Xạ Chi,Nghĩ xem làm sao giương cung bắn trúng chim.
73,7,Tuy Dữ Chi Cụ Học,"Mặc dù hai người này cùng học một thầy,"
75,0,Phất Nhược Chi Hỹ,Nhưng kết quả hoàn toàn khác nhau.
75,1,Vị Thị Kỳ Trí Phất Nhược Dư,Đó có phải là sự hiểu biết của hai người họ khác nhau chăng ?
75,2,Viết Phi Nhiên Dã,Ta nói : không phải vậy.
75,3,10 Mạnh Tử Viết,10.Thầy Mạnh Tử nói rằng :
75,4,Ngư Ngã Sở Dục Dã,Cá là món ăn ưa thích của ta ;
75,5,Hùng Chưởng Diệc Ngã Sở Dục Dã,Tay gấu cũng là món ăn ưa thích của ta.
75,6,Nhị Giả Bất Khả Đắc Kiêm,"Nếu không thể chọn cả hai món đó,"
75,7,Xả Ngư Nhi Thủ Hùng Chưởng Giả Dã,Thì ta bỏ món cá mà chọn món tay gấu.
77,0,Sinh Diệc Ngã Sở Dục Dã,Sự sống cũng là điều ta mong muốn ;
77,1,Nghĩa Diệc Ngã Sở Dục Dã,Việc nghĩa cũng là điều ta mong muốn.
77,2,Nhị Giả Bất Khả Đắc Kiêm,"Nếu không thể chọn cả hai điều đó,"
77,3,Xả Sinh Nhi Thủ Nghĩa Giả Dã,Thì ta bỏ sự sống mà chọn việc nghĩa.
77,4,Sinh Diệc Ngã Sở Dục,"Sự sống là điều ta mong muốn,"
77,5,Sở Dục Hữu Thậm Ư Sinh Giả,"Nhưng cũng có những thứ còn quan trọng hơn sự sống nữa (danh dự),"
77,6,Cố Bất Vi Cẩu Đắc Dã,Nên ta không thể cẩu thả để được sống (nhục nhã).
77,7,Tử Diệc Ngã Sở Ố,"Cái chết là điều ta căm ghét,"
79,0,Sở Ố Hữu Thậm Ư Tử Giả,"Nhưng cũng có những thứ ta còn căm ghét hơn cái chết nữa,"
79,1,Cố Hoạn Hữu Sở Bất Tỵ Dã,Nên dù có tai họa đến ta cũng không trốn tránh.
79,2,Như Sử Nhân Chi Sở Dục Mạc Thậm Ư Sinh,"Như lòng dục của người thì không gì bằng lòng muốn được sống,"
79,3,Tắc Phàm Khả Dĩ Đắc Sinh Giả,"Nên phàm việc gì có thể bảo tồn mạng sống,"
79,4,Hà Bất Dụng Dã,lẽ nào họ không tận dụng sao ?
79,5,Sử Nhân Chi Sở Ố Mạc Thậm Ư Tử Giả,"Giả sử lòng căm ghét của người không gì thậm tệ bằng cái chết,"
79,6,Tắc Phàm Khả Dĩ Tỵ Hoạn Giả,"Nên phàm việc gì có thể tránh khỏi tai họa,"
79,7,Hà Bất Vi Dã,lẽ nào họ không làm sao ?
81,0,Do Thị Tắc Sinh Nhi Hữu Bất Dụng Dã,"Có cơ hội được sống mà chẳng sử dụng đến,"
81,1,Do Thị Tắc Khả Dĩ Tỵ Hoạn,Có cách để tránh khỏi tai họa
81,2,Nhi Hữu Bất Vi Dã,mà không chịu làm.
81,3,Thị Cố Sở Dục Hữu Thậm Ư Sinh Giả,"Vì thế có những điều ham muốn còn quan trọng hơn sự sống (danh dự),"
81,4,Sở Ố Hữu Thậm Ư Tử Giả,"Có những điều căm ghét còn hơn cái chết nữa (nhục nhã),"
81,5,Phi Độc Hiền Giả Hữu Thị Tâm Dã,"Không chỉ riêng bậc thánh hiền mới có tấm lòng như thế,"
81,6,Nhân Giai Hữu Chi,"Mà mọi người đều có cả,"
81,7,Hiền Giả Năng Vật Táng Nhĩ,Nên bậc hiền nhân thì không để tấm lòng ấy mất đi.
83,0,Nhất Đan Thực Nhất Đậu Canh,"(như kẻ đói gặp người cho) một giỏi cơm, một bát canh,"
83,1,Đắc Chi Tắc Sinh Phất Đắc Tắc Tử,"Ăn thì được sống, không ăn thì chết."
83,2,Hố Nhĩ Nhi Dữ Chi,"Nhưng người cho mà hắt hủi chửi bới khi đem cho,"
83,3,Hành Đạo Chi Nhân Phất Thọ,Thì kẻ đói đi ngoài đường ấy (cũng) chẳng thèm nhận ;
83,4,Xúc Nhĩ Nhi Dữ Chi,"Cho người mà còn chà đạp nữa,"
83,5,Khuất Nhân Bất Tiết Dã,Thì đến kẻ ăn xin cũng chẳng thèm lấy.
83,6,Vạn Chung Tắc Bất Biện Lễ Nghĩa Nhi Thọ Chi,"Vua tặng ta 10 vạn chung thóc chưa phân biệt có hợp lễ nghĩa mà lại nhận,"
83,7,Vạn Chung Ư Ngã Hà Gia Yên,Vậy 10 vạn chung thóc ấy có giúp ta thêm được gì không ?
85,0,Vị Cung Thất Chi Mỹ,"Nhận để xây nhà cửa đẹp đẽ,"
85,1,Thê Thiếp Chi Phụng,"Để cưới thêm thê thiếp phụng sự,"
85,2,Sở Thức Cùng Phạp Giả Đắc Ngã Dư,Hay nhận để cứu người quen biết cùng khổ cho họ như ta chăng ?
85,3,Hướng Vị Thân Tử Nhi Bất Thọ,"Trước đây gặp cảnh cùng sắp chết ta cũng chẳng nhận của trái lễ,"
85,4,Kim Vi Cung Thất Chi Mỹ Vi Chi,Nay chịu nhận để xây nhà cửa đẹp đẽ sao ?
85,5,Hướng Vị Thân Tử Nhi Bất Thọ,"Trước đây gặp cảnh cùng sắp chết ta cũng chẳng nhận của trái lễ,"
85,6,Kim Vị Thê Thiếp Chi Phụng Vi Chi,Nay chịu nhận để cưới thêm thê thiếp phụng sự sao ?
85,7,Hướng Vi Thân Tử Nhi Bất Thọ,"Trước đây gặp cảnh cùng sắp chết ta cũng chẳng nhận của trái lễ,"
87,0,Kim Vi Sở Thức Cùng Phạp Giả,Nay chịu nhận để cứu những người quen biết cùng khổ
87,1,Đắc Ngã Nhi Vi Chi,cho họ như ta chăng ?
87,2,Thị Diệc Bất Khả Dĩ Dĩ Hồ,Những điều (ham muốn) ấy không thể trừ bỏ được sao ?
87,3,Thử Chi Vị Thất Kỳ Bổn Tâm,(không trừ bỏ) ấy gọi là đánh mất bản tâm của mình đi vậy.
87,4,11 Mạnh Tử Viết,11.Thầy Mạnh Tử nói rằng :
87,5,Nhân Nhân Tâm Dã,"Việc nhân, đó lương tâm của người."
87,6,Nghĩa Nhân Lộ Dã,"Việc nghĩa, đó là con đường đi của người."
87,7,Xả Kỳ Lộ Nhi Phất Do,"Bỏ con đường đó mà chẳng theo,"
89,0,Phòng Kỳ Tâm Nhi Bất Tri Cầu,"Đánh mất lương tâm mà không biết tìm lại,"
89,1,Ai Tai,Thật đáng thương thay !
89,2,Nhân Hữu Kê Khuyển Phóng,"Người ta có con gà, con chó chạy mất,"
89,3,Tắc Tri Cầu Chi,"Thì biết tìm lại,"
89,4,Hữu Phóng Tâm,"Còn lương tâm đánh mất,"
89,5,Nhi Bất Tri Cầu,mà không biết tìm lại.
89,6,Học Vấn Chi Đạo Vô Tha,"Học đạo chẳng có cái gì khác,"
89,7,Cầu Kỳ Phóng Tâm Nhi Dĩ Hỹ,Là tìm cái lương tâm mình đã đánh mất mà thôi.
91,0,12 Mạnh Tử Viết,12.Thầy Mạnh Tử nói rằng :
91,1,Kim Hữu Vô Danh Chi Chỉ,"Ví như hiện nay có người bị tật ngón tay vô danh (ngón đeo nhẫn),"
91,2,Khuất Nhi Bất Tín,"Co lại mà không duỗi thẳng ra được,"
91,3,Phi Tật Thống Hại Sự Dã,Và nó chẳng phải là bệnh tật gì hại đến công việc đang làm.
91,4,Như Hữu Năng Thân Chi Giả,"Nhưng nếu có cách gì làm cho ngón tay duổi thẳng ra được,"
91,5,Tắc Bất Viễn Tần Sở Chi Lộ,"Thì dù phải đi sang nước Tần, nước Sở thì người ấy chẳng cho là xa,"
91,6,Vi Chỉ Chi Bất Nhược Nhân Dã,Đó là vì ngón tay vô danh không bằng người vậy.
91,7,Chỉ Bất Nhược Nhân Tắc Tri Ố Chi,"Việc ngón tay không bằng người, thì biết căm ghét ;"
93,0,Tâm Bất Nhược Nhân Tắc Bất Như Ố,"Còn việc tâm lượng không bằng người, thì không biết căm ghét ;"
93,1,Thử Chi Vị Bất Tri Loại Dã,"Đó gọi là không biết phân loại giá trị (cao thấp, nặng nhẹ) vậy."
93,2,13 Mạnh Tử Viết,13.Thầy Mạnh Tử nói rằng :
93,3,Cũng Bả Chi Đồng Tử,"Cây ngô đồng, cây tử có thể dùng hai tay ôm được,"
93,4,Nhân Cẩu Dục Sinh Chi,"Người ta muốn chúng sinh trưởng tốt,"
93,5,Giai Tri Sở Dĩ Dưỡng Chi Giả,Thì đều biết cách chăm sóc chúng.
93,6,Chí Ư Thân,"Đến cái thân thể này,"
93,7,Nhi Bất Tri Sở Dĩ Dưỡng Chi Giả,"Mà (người) lại không biết cách chăm sóc,"
95,0,Khởi Ái Thân Bất Nhược Đồng,"Lẽ nào (người) yêu tấm thân này không bằng cây ngô đồng,"
95,1,Tử Tai,Cây tử sao ?
95,2,Phất Tư Thậm Dã,Đó là (người) suy nghĩ chưa kỹ lưỡng vậy.
95,3,14 Mạnh Tử Viết,14.Thầy Mạnh Tử nói rằng :
95,4,Nhân Chi Ư Thân Dã,"Con người đối với thân thể mình,"
95,5,Kiêm Sở Ái,Thì bộ phận gì cũng yêu quý ;
95,6,Kiêm Sở Ái Tắc Kiêm Sở Dưỡng Dã,Bởi vì có yêu quý nên mới biết chăm sóc.
95,7,Vô Xích Thốn Chi Phu Bất Ái Yên,"Không một tấc da nào mà không yêu quý,"
97,0,Tắc Vô Xích Thốn Chi Phu Bất Dưỡng Dã,Nên không có một tấc da nào mà không chăm sóc.
97,1,Sở Dĩ Khảo Kỳ Thiện Bất Thiện Giả,"Muốn khảo xét việc đó phải hay không phải,"
97,2,Khởi Hữu Tha Tai,Làm thế nào để biết được ?
97,3,Ư Kỷ Thủ Chi Nhi Dĩ Hỹ,Lấy chính mình ra khảo xét mà thôi.
97,4,Thể Hữu Quý Tiện Hữu Tiểu Đại,"Trong thân thể có phần quý, phần hèn, có phần nhỏ, phần lớn."
97,5,Vô Dĩ Tiểu Hại Đại,"Không vì phần nhỏ (thể xác) mà hại đến phần lớn (tâm hồn),"
97,6,Vô Dĩ Tiện Hại Quý,Không vì phần hèn (thân thể) mà hại đến phần quý (tinh thần).
97,7,Dưỡng Kỳ Tiểu Giả Vi Tiểu Nhân,Chỉ biết chăm sóc phần nhỏ (thể xác) của mình là kẻ tiểu nhân.
99,0,Dưỡng Kỳ Đại Giả Vi Đại Nhân,Chăm sóc phần lớn (tâm hồn) của mình là bậc đại nhân.
99,1,Kim Hữu Trường Sư,"Nay có vị quan về nông nghiệp,"
99,2,Xả Kỳ Ngô Giả,"Bỏ cây ngô đồng, cây giả có giá trị,"
99,3,Dưỡng Kỳ Nhị Cức,"Mà trồng cây nhị, cây gai không có giá trị,"
99,4,Tắc Vi Tiện Trường Sư Yên,Đó là vị quan nông nghiệp kém cỏi.
99,5,Dưỡng Kỳ Nhất Chỉ,"Cũng như có người chỉ biết chăm sóc một ngón tay,"
99,6,Nhi Thất Kỳ Kiên Bối,"Mà chẳng lo đến vai và lưng của mình,"
99,7,Nhi Bất Tri Dã,"Làm thế mà còn không biết,"
101,0,Tắc Vi Lang Tật Nhân Dã,Thì đó là loại người bệnh hoạn như con chó sói.
101,1,Ẩm Thực Chi Nhân,"Kẻ chỉ biết đến ăn uống,"
101,2,Tắc Nhân Tiện Chi Hỹ,"Thì sẽ bị người ta coi thường,"
101,3,Vi Kỳ Dưỡng Tiểu Dĩ Thất Đại Dã,Đó là chỉ biết chăm sóc phần nhỏ (thể xác) mà để mất phần lớn (tâm hồn).
101,4,ẩm Thực Chi Nhân,"Còn người ăn uống chỉ để,"
101,5,Vô Hữu Thất Dã,"Không mất cái có (phần lớn),"
101,6,Tắc Khẩu Phúc,"Thì cái miệng, cái bụng"
101,7,Khởi Thích Vi Xích Thốn Chi Phu Tai,(ăn uống để nuôi thân thể)
103,0,15 Công Đô Tử Vấn Viết,15.Học trò Công Đô Tử hỏi rằng :
103,1,Quân Thị Nhân Dã Hoặc Vi Đại Nhân,"Đều là người như nhau, có người làm bậc đại nhân,"
103,2,Hoặc Vi Tiểu Nhân Hà Dã,"Có người làm kẻ tiểu nhân, thưa thầy là vì sao ?"
103,3,Mạnh Tử Viết,Thầy Mạnh Tử đáp :
103,4,Tòng Kỳ Đại Thể Vi Đại Nhân,"Người theo cái phần đại thể (tâm hồn) thì thành bậc đại nhân,"
103,5,Tòng Kỳ Tiểu Thể Vi Tiểu Nhân,Người theo cái phần tiểu thể (thân thể) thì thành kẻ tiểu nhân.
103,6,Viết Quân Thị Nhân Dã,"Công Đô Tử hỏi : đều là người như nhau,"
103,7,Hoặc Tòng Kỳ Đại Thể,"Có người theo cái phần đại thể (tâm hồn),"
105,0,Hoặc Tòng Kỳ Tiểu Thể,"Lại có người theo cái phần tiểu thể (thân thể),"
105,1,Hà Dã,thưa thầy là vì sao ?
105,2,Viết Nhĩ Mục Chi Quan Bất Tư,"Thầy Mạnh Tử đáp : tai, mắt là cơ quan không biết suy nghĩ,"
105,3,Nhi Tế Ư Vật,rất đễ bị sự vật che lấp (mê hoặc).
105,4,Vật Giao Vật,"Khi (tai, mắt) giao tiếp với sự vật bên ngoài,"
105,5,Tắc Dẫn Chi Nhi Dĩ Hỹ,Thì bị sự vật dẫn dắt (mê hoặc) mà thôi.
105,6,Tâm Chi Quan Tắc Tư,Tâm hồn là cơ quan biết suy nghĩ ;
105,7,Tư Tắc Đắc Chi,"Dùng nó suy nghĩ thì đạt được (đạo lý),"
107,0,Bất Tư Tắc Bất Đắc Dã,Chẳng dùng nó suy nghĩ thì không đạt được (đạo lý).
107,1,Thử Thiên Chi Sở Dữ Ngã Giả,"Tất cả các cơ quan ấy là những thứ trời ban cho ta,"
107,2,Tiên Lập Hồ Kỳ Đại Giả,"Nếu ta biết tạo dựng cái phần phần đại thể (tâm hồn) trước,"
107,3,Tắc Kỳ Tiểu Giả Bất Năng Đoạt Dã,Thì cái phần tiểu thể (thân thể) không thể tranh đoạt được.
107,4,Thử Vi Đại Nhân Nhi Dĩ Hỹ,Làm được điều ấy thì thành bậc đại nhân vậy.
107,5,16 Mạnh Tử Viết,16.Thầy Mạnh Tử nói rằng :
107,6,Hữu Thiên Tước Giả Hữu Nhân Tước Giả,(Tước vị) Có
107,7,Nhân Nghĩa Trung Tín Lạc Thiện Bất Quyện,thiên tước
109,0,Thử Thiên Tước Dã,đó gọi là thiên tước.
109,1,Công Khanh Đại Phu,"các bậc quan Công, Khanh, Đại Phu,"
109,2,Thử Nhân Tước Dã,đó gọi là nhân tước.
109,3,Cổ Chi Nhân,"Người đời xưa,"
109,4,Tu Kỳ Thiên Tước Nhi Nhân Tước Tòng Chi,tu sửa thiên tước của mình mà nhân tước tự nhiên theo đến.
109,5,Kim Chi Nhân,"Người đời nay,"
109,6,Tu Kỳ Thiên Tước Dĩ Yêu Nhân Tước,Tu sửa thiên tước của mình để yêu cầu được nhân tước.
109,7,Ký Đắc Nhân Tước Nhi Khí Kỳ Thiên Tước,"Một khi đã có được nhân tước thì họ liền vứt bỏ thiên tước của mình,"
111,0,Tắc Hoặc Chi Thậm Giả Dã,"Đó thật là việc làm mê lầm hồ đồ,"
111,1,Chung Diệc Tất Vong Nhi Dĩ Hỹ,Cuối cùng thì họ cũng mất đi hết tất cả mà thôi.
111,2,17 Mạnh Tử Viết,17.Thầy Mạnh Tử nói rằng :
111,3,Dục Quý Giả,"Ham muốn điều quý cho mình,"
111,4,Nhân Chi Đồng Tâm Dã,"Đó là lòng mong muốn chung của mọi người,"
111,5,Nhân Nhân Hữu Quý Ư Kỷ Giả,"Người người ai cũng có điều quý nơi mình (nhân nghĩa),"
111,6,Phất Tư Nhĩ Hỹ,Tại họ không nghĩ đến thôi.
111,7,Nhân Chi Sở Quý Giả,"Điều mà người ta đang quý,"
113,0,Phi Lương Quý Dã,Đó chẳng phải là điều quý thật sự.
113,1,Triệu Mạnh Chi Sở Quý,"Cái điều mà (quan đại phu) Triệu Mạnh cho là tôn quý,"
113,2,Triệu Mạnh Năng Tiện Chi,Thì sau này ông Triệu Mạnh có thể cho là thấp hèn.
113,3,Thi Vân,Kinh Thi viết rằng :
113,4,Ký Túy Dĩ Tửu Ký Bão Dĩ Đức,"“Rượu làm ta say, Đức làm ta no.”"
113,5,Ngôn Bão Hồ Nhân Nghĩa Dã,"Ý muốn nói no là nhờ nhân nghĩa vậy,"
113,6,Sở Dĩ Bất Nguyện Nhân Chi,Đó là lý do người ta không mong muốn
113,7,Cao Lương Chi Vị Dã,ăn cao lương mỹ vị của kẻ khác.
115,0,Lệnh Văn Quảng Dự Thi Ư Thân,"(khi có nhân nghĩa rồi) thì tiếng tăm bản thân được vang đi xa,"
115,1,Sở Dĩ Bất Nguyện Nhân Chi Văn Tú Dã,Nên chẳng mong muốn vẻ đẹp (tôn quý) mà người ban cho vậy.
115,2,18 Mạnh Tử Viết,18.Thầy Mạnh Tử nói rằng :
115,3,Nhân Chi Thắng Bất Nhân Dã,"Điều nhân thắng điều bất nhân,"
115,4,Do Thủy Chi Thắng Hỏa,Như nước thắng lửa.
115,5,Kim Chi Vi Nhân Giả,"Ngày nay người ta làm điều nhân,"
115,6,Do Dĩ Nhất Bôi Thủy,Như là lấy một chén nước
115,7,Cứu Nhất Xa Tân Chi Hỏa Dã,Để dập tắt lửa của một xe củi đang cháy vậy.
117,0,Bất Tức,"Thấy chẳng dập tắt được lửa,"
117,1,Tắc Vị Chi Thủy Bất Thắng Hỏa,Thì bảo rằng nước không thể thắng được lửa.
117,2,Thử Hựu Dữ Ư Bất Nhân Chi Thậm Giả Dã,"Nói như vậy là giúp cho điều bất nhân ngày càng nhiều thêm,"
117,3,Diệc Chung Tất Vong Nhi Dĩ Hỹ,Chung cuộc thì cũng đánh mất điều nhân luôn mà thôi.
117,4,19 Mạnh Tử Viết,19.Thầy Mạnh Tử nói rằng :
117,5,Ngũ Cốc Giả,"Năm loại lúa,"
117,6,Chủng Chi Mỹ Giả Dã,"Là thứ giống tốt đẹp (quan trọng),"
117,7,Cẩu Vi Bất Thục Bất Như Đề Bái,"Nhưng nếu chúng không kết hạt chín, thì chẳng bằng như cỏ đề bái."
119,0,Phù Nhân Diệc Tại Hồ Thục Chi Nhi Dĩ Hỹ,Này điều nhân cũng ở tại sự kết hạt chín mùi mà thôi.
119,1,20 Mạnh Tử Viết,20.Thầy Mạnh Tử nói rằng :
119,2,Nghệ Chi Giáo Dân Xạ,"Ông Hậu Nghệ dạy người học bắn cung,"
119,3,Tất Chí Ư Cấu,ắt sẽ nói phải để hết tâm chí vào đích cung ;
119,4,Học Giả Diệc Tất Chí Ư Cấu,người học ắt cũng phải để hết tâm chí vào đích cung.
119,5,Đại Tượng Hối Nhân Tất Dĩ Qui Củ,"Người thợ mộc giỏi khi dạy người, ắt sẽ nói phải dùng thước vuông, tròn ;"
119,6,Học Giả Diệc Tất Dĩ Qui Củ,"Người học ắt cũng phải dùng thước vuông, tròn."
121,0,Đệ Thập Nhị Chương Cáo Tử Hạ,CHƯƠNG XII : CÁO TỬ HẠ
121,1,1 Nhâm Nhân Hữu Vấn Ốc Lư Tử Viết,1.Người nước Nhâm hỏi người học trò Ốc Lư Tử rằng :
121,2,Lễ Dữ Thực Thục Trọng,Lễ và thức ăn thứ nào quan trọng ?
121,3,Viết Lễ Trọng,Ốc Lư Tử đáp : lễ quan trọng.
121,4,Sắc Dữ Lễ Thục Trọng,Người nước Nhâm hỏi : sắc đẹp và lễ thứ nào quan trọng ?
121,5,Viết Lễ Trọng,Ốc Lư Tử đáp : lễ quan trọng.
121,6,Viết Dĩ Lễ Thực Tắc Cơ Nhi Tử,"Người nước Nhâm hỏi : nếu giữ lễ mới được ăn thì bị đói chết,"
121,7,Bất Dĩ Lễ Thực Tắc Đắc Thực,"Không giữ lễ mà ăn thì được no không chết,"
123,0,Tất Dĩ Lễ Hồ,Vậy ta có nên giữ lễ không ?
123,1,Thân Nghênh Tắc Bất Đắc Thê,"Nếu giữ lễ đón dâu thì không lấy được vợ,"
123,2,Bất Thân Nghênh Tắc Đắc Thê,"Không giữ lễ đón dâu thì lấy được vợ,"
123,3,Tất Thân Nghênh Hồ,Vậy ta có nên giữ lễ không ?
123,4,Ốc Lư Tử Bất Năng Đối,Ốc Lư Tử không thể trả lời được câu hỏi ấy.
123,5,Minh Nhật Chi Trâu Dĩ Cáo Mạnh Tử,Ngày hôm sau đi sang nước Trâu để hỏi thầy Mạnh Tử.
123,6,Mạnh Tử Viết,Thầy Mạnh Tử nói rằng :
123,7,Ư Đáp Thị Dã Hà Hữu,Trả lời mấy hỏi ấy có gì khó đâu ?
125,0,Bất Sủy Kỳ Bổn Nhi Tề Kỳ Bổn,"Nếu không đánh giá phần gốc, mà đem so bằng với phần ngọn,"
125,1,Phương Thốn Chi Mộc Khả Sử Cao Ư Sầm Lâu,"Thì như khúc gỗ vuông một tấc đôn lên thì cho cao hơn cái nhà lầu ư,"
125,2,Kim Trọng Ư Vũ Giả,"Như kim loại thì nặng hơn lông chim,"
125,3,Khởi Vị Nhất Câu Kim,Nhưng há một cây kim nhỏ
125,4,Dữ Nhất Dư Vũ Chi Vị Tai,Lại bằng với một xe chở đầy lông chim sao ?
125,5,Thủ Thực Chi Trọng Giả,* Lấy phần quan trọng của thức ăn
125,6,Dữ Lễ Chi Khinh Giả,với phần nhẹ của lễ
125,7,Nhi Tỷ Hề Chi Sí Thực Trọng,mà đem ra so sánh thì thức ăn quan trọng hơn đó ư ?
127,0,Thủ Sắc Chi Trọng Giả,* Lấy phần quan trọng của sắc đẹp
127,1,Dữ Lễ Chi Khinh Giả,Với phần nhẹ của lễ
127,2,Nhi Tỷ Chi Hề Sí Sắc Trọng,mà đem ra so sánh thì sắc đẹp quan trọng hơn đó ư ?
127,3,Vãng Ứng Chi Viết,Trò hãy trở về nói với người nước Nhâm rằng :
127,4,Chẩn Huynh Chi Tý Nhi Đoạt Chi Thực,"Vặn tay của anh lại để lấy thức ăn,"
127,5,Tắc Đắc Thực,"Thì được ăn,"
127,6,Bất Chẩn Tắc Bất Đắc Thực,"Không vặn tay lại thì không được ăn,"
127,7,Tắc Tương Chẩn Chi Hồ,Liệu huynh có chịu vặn tay lại không ?
129,0,Du Đông Gia Tường Nhi Lâu Kỳ Xử Tử,"Trèo tường phía đông bắt cóc con gái nhà người,"
129,1,Tắc Đắc Thê,"Thì cưới được vợ,"
129,2,Bất Lâu Tắc Bất Đắc Thê,"Không bắt cóc con gái nhà người thì không cưới được vợ,"
129,3,Tắc Tương Thê Chi Hồ,Liệu huynh có chịu bắt cóc con gái nhà người ta không ?
129,4,2 Tào Giao Vấn Viết,2.Ông Tào Giao Tử hỏi rằng :
129,5,Nhân Giai Khả Dĩ Vi Nghiêu Thuấn,"Người ta ai cũng có thể làm vua Nghiêu, vua Thuấn,"
129,6,Hữu Chư,Có phải vậy chăng ?
129,7,Mạnh Tử Viết Nhiên,Thầy Mạnh Tử đáp : đúng vậy.
131,0,Giao Văn Văn Vương Thập Xích,"Giao tôi nghe nói vua Văn Vương cao 10 thước (khoảng 2m),"
131,1,Thang Cửu Xích,"Vua Thành Thang cao 9 thước (khoảng 1m80),"
131,2,Kim Giao Cửu Xích Tứ Thốn Dĩ Trường,"Nay Giao tôi cao 9 thước 4 tấc (khoảng 1m88),"
131,3,Thực Túc Nhi Dĩ,"Chỉ biết ăn cơm thôi,"
131,4,Như Hà Tắc Khả,Như thế thì sao có thể như các vị ấy ?
131,5,Viết Hề Hữu Ư Thị,Thầy Mạnh Tử đáp :
131,6,Diệc Vi Chi Nhi Dĩ Hỹ,Việc đó có liên quan gì sao ?
131,7,Hữu Nhân Ư Thử,do ông có chịu làm hay không mà thôi.
133,0,Lực Bất Năng Thắng Nhất Thất Sồ,"Sức lực không thể nhấc nổi một con gà nhỏ,"
133,1,Tắc Vi Vô Lực Nhân Hỹ,Thì coi như người ấy không có sức lực.
133,2,Kim Viết Cử Bá Quân,"Còn nay nói người ấy nhấc nổi vật nặng 100 quân (3000 cân),"
133,3,Tắc Vi Hữu Lực Nhân Hỹ,Thì coi như người ấy có sức lực.
133,4,Nhiên Tắc Cử Ô Hoạch Chi Nhiệm,"Như vậy thì người ấy có thể nhấc nổi vật nặng như lực sỹ Ô Hoạch,"
133,5,Thị Diệc Vi Ô Hoạch Nhi Dĩ Hỹ,Vậy thì cũng coi như có sức lực như lực sỹ Ô Hoạch rồi.
133,6,Phù Phu Khởi Dĩ Bất Thắng Vi Hoạn Tai,Này người ta chẳng lẽ lo sợ mình làm không nổi ư ?
133,7,Phất Vi Nhĩ,Chẳng qua không chịu làm đó thôi.
135,0,Từ Hành Hậu Trưởng Giả,"Như một người đi nhường đường cho bậc lớn,"
135,1,Vị Chi Đễ,Đó là người biết nết đễ (hòa kính) ;
135,2,Tật Hành Tiên Trưởng Giả,"Người đi không nhường đường cho bậc lớn,"
135,3,Vị Chi Bất Đễ,Đó là người không biết nết đễ (hòa kính).
135,4,Phù Tử Hành Giả,"Này việc đi nhường đường,"
135,5,Khởi Nhân Sở Bất Năng Tai,chẳng lẽ người ta không làm được sao ?
135,6,Sở Bất Vi Dã,Chẳng qua không chịu làm đó thôi.
135,7,Nghiêu Thuấn Chi Đạo,"Đạo của vua Nghiêu, vua Thuấn,"
137,0,Hiếu Đễ Nhi Dĩ Hỹ,Chỉ là Hiếu Đễ mà thôi.
137,1,Tử Phục Nghiêu Chi Phục,"Như ông mặc y phục của vua Nghiêu,"
137,2,Tụng Nghiêu Chi Ngôn Hành Nghiêu Chi Hành,"Nói năng như vua Nghiêu, làm việc như vua Nghiêu,"
137,3,Thị Nghiêu Nhi Dĩ Hỹ,Thế ông chính là vua Nghiêu rồi.
137,4,Tử Phục Kiệt Chi Phục,"Như ông mặc y phục của vua Kiệt,"
137,5,Tụng Kiệt Chi Ngôn Hành Kiệt Chi Hành,"Nói năng như vua Kiệt, làm việc như vua Kiệt,"
137,6,Thị Kiệt Nhi Dĩ Hỹ,Thế ông chính là vua Kiệt rồi.
137,7,Viết Giao Đắc Kiến Ư Trâu Quân,"Tào Giao Tử nói : Giao tôi sẽ đến gặp vua nước Trâu,"
139,0,Khả Dĩ Giả Quán,"Xin một nơi để tá túc,"
139,1,Nguyện Lưu Nhi Thọ Nghiệp Ư Môn,Nguyện ở lại làm môn sinh thụ nghiệp từ thầy.
139,2,Viết Phù Đạo Nhược Đại Lộ Nhiên,"Thầy Mạnh Tử đáp : này đạo như một con đường rộng lớn,"
139,3,Khởi Nan Tri Tai,Chẳng lẽ khó hiểu sao ?
139,4,Nhân Bệnh Bất Cầu Nhĩ,Chỉ do người ta không tìm câu đó thôi.
139,5,Tử Qui Nhi Cầu Chi,"Ông hãy trở về nước mình mà tự tìm cầu học đạo,"
139,6,Hữu Dư Sư,Có nhiều thầy dạy lắm.
139,7,3 Công Tôn Sửu Vấn Viết,3.Học trò Công Tôn Sửu hỏi rằng :
141,0,Cao Tử Viết,Ông Cao Tử nói rằng :
141,1,Tiểu Bàn Tiểu Nhân Chi Thi Dã,"Bài Tiểu Bàn (trong Kinh Thi), là thơ của kẻ tiểu nhân làm ra."
141,2,Mạnh Tử Viết,Thầy Mạnh Tử đáp :
141,3,Hà Dĩ Ngôn Chi,Sao lại nói như vậy ?
141,4,Viết Oán,Công Tôn Sửu nói : thưa vì có ý oán trách.
141,5,Viết Cố Tai,"Thầy Mạnh Tử đáp : cố chấp quá thay,"
141,6,Cao Tẩu Chi Vi Thi Dã,Khi ông già họ Cao bình luận về bài thơ này !
141,7,Hữu Nhân Ư Thử,"Ví như có một người ở đây,"
143,0,Việt Nhân Loan Cung Nhi Xạ Chi,"Thấy người nước Việt thì định giương cung bắn người,"
143,1,Tắc Kỷ Đàm Tiếu Nhi Đạo Chi,Thì ta phải tới nói lời vui vẻ để mà khuyên can họ ;
143,2,Vô Tha Sơ Chi Dã,Đó là cách khuyên can của ta khi gặp một người xa lạ.
143,3,Kỳ Huynh Loan Cung Nhi Xạ Chi,"Nhưng nếu thấy anh mình định giương cung bắn người,"
143,4,Tắc Kỷ Thùy Thế Khấp Nhi Đạo Chi,"Thì ta phải khóc lóc rủ rượi mà tới khuyên can,"
143,5,Vô Tha Thích Chi Dã,Đó là cách khuyên can của ta đối người thân thích.
143,6,Tiểu Bàn Chi Oán Thân Thân Dã,"Ý oán trách trong bài Tiểu Bàn, là tình yêu thương cha mẹ."
143,7,Thân Thân Nhân Dã,Yêu thương cha mẹ là lòng nhân vậy.
145,0,Cố Hỹ Phù,"cố chấp quá thay,"
145,1,Cao Tẩu Chi Vi Thi Dã,Khi ông già họ Cao bình luận về bài thơ này !
145,2,Viết Khải Phong Hà Dĩ Bất Oán,Công Tôn Sửu hỏi : thưa vì sao bài Khải Phong không có ý oán trách ?
145,3,Viết Khải Phong,"Thầy Mạnh Tử đáp : bài Khải Phong (Kinh Thi),"
145,4,Thân Chi Quá Tiểu Giả Dã,Lỗi của cha mẹ nhỏ ;
145,5,Tiểu Bàn Thân Chi Quá Đại Giả Dã,"Còn bài Tiểu Bàn, thì lỗi của cha mẹ lớn."
145,6,Thân Chi Quá Đại Nhi Bất Oán,"Cha mẹ phạm lỗi lớn mà không oán trách,"
145,7,Thị Dũ Sơ Dã,Đó coi như mình xa cách (bỏ rơi) cha mẹ vậy.
147,0,Thân Chi Quá Tiểu Nhi Oán,"Cha mẹ phạm lỗi nhỏ mà oán trách,"
147,1,Thị Bất Khả Ky Dã,Đó coi như mình không thể dằn lòng với cha mẹ.
147,2,Dũ Sơ Bất Hiếu Dã,"Xa cách (bỏ rơi) cha mẹ, là bất hiếu ;"
147,3,Bất Khả Cơ Diệc Bất Hiếu Dã,"không thể dằn lòng với cha mẹ, cũng là bất hiếu."
147,4,Khổng Tử Viết,Đức Khổng Tử từng nói rằng :
147,5,Thuấn Kỳ Chí Hiếu Hỹ,"Vua Thuấn thật là người con chí hiếu,"
147,6,Ngũ Thập Nhi Mộ,50 tuổi mà vẫn còn thương mến cha mẹ.
147,7,4 Tống Khanh Tương Chi Sở,"4.Ông Tống Hình trên đường đến nước Sở,"
149,0,Mạnh Tử Ngộ Ư Thạch Khâu,"Thầy Mạnh Tử gặp ông ta ở đất Thạch Khâu,"
149,1,Viết Tiên Vương Tương Hà Chi,liền hỏi : Tiên sinh sắp đi đâu vậy ?
149,2,Viết Ngôn Văn Tần Sở Cấu Binh,"Tống Hình đáp : tôi nghe hai nước Tần, Sở sắp dấy binh đánh nhau,"
149,3,Ngã Tương Kiến Sở Vương,"Tôi định đi đến nước Sở,"
149,4,Thuyết Nhi Bãi Chi,Khuyên vua bãi binh.
149,5,Sở Vương Bất Duyệt,"Nếu vua Sở không đồng ý,"
149,6,Ngã Tương Kiến Tần Vương,"Tôi sẽ đi tiếp đến gặp vua nước Tần,"
149,7,Thuyết Nhi Bãi Chi,Khuyên vua bãi binh.
151,0,Nhị Vương Ngã Tương Hữu Sở Ngộ Yên,Nhất định trong 2 vị vua ấy sẽ có một vị nghe theo lời khuyên tôi.
151,1,Viết Kha Dã Thỉnh Vô Vấn Kỳ Tường,"Thầy Mạnh Tử nói : Kha này xin không hỏi tường tận sự việc,"
151,2,Nguyện Văn Kỳ Chỉ,Chỉ mong được nghe những ý chính thôi.
151,3,Thuyết Chi Tương Hà Như,Xin hỏi tiên sinh sẽ thuyết phục họ như thế nào ?
151,4,Viết Ngã Tương Ngôn Kỳ Bất Lợi Dã,Tống Hình đáp : tôi sẽ nói về những điều bất lợi
151,5,Viết Tiên Sinh Chi Chí Tắc Đại Hỹ,(khi dấy binh đánh nhau).
151,6,Tiên Sinh Chi Hiệu Tắc Bất Khả,"Thầy Mạnh Tử nói : chí hướng của tiên sinh lớn thật,"
151,7,Tiên Sinh Dĩ Lợi Thuyết Tần Sở Chi Vương,Nhưng cách làm của tiên sinh thì không thể được.
153,0,Tần Sở Chi Vương Duyệt Ư Lợi,"Vua Tần, vua Sở có thể đồng ý vì lợi ích của họ,"
153,1,Dĩ Bãi Tam Quân Chi Sư,Liền dừng (triệu tập) các sư đoàn trong ba quân
153,2,Thị Tam Quân Chi Sĩ Lạc Bãi,(không đánh nhau nữa).
153,3,Nhi Duyệt Ư Lợi Dã,Thế là các tướng sĩ trong ba quân vui vẻ vì được bãi binh
153,4,Vi Nhân Thần Giả,Mà lại vui mừng vì được lợi.
153,5,Hoài Lợi Dĩ Sự Kỳ Quân,"Người làm bề bôi,"
153,6,Vi Nhân Tử Giả,"Chỉ vì lợi mà phụng sự vua,"
153,7,Hoài Lợi Dĩ Sự Kỳ Phụ,"Người làm con,"
155,0,Vi Nhân Đệ Giả,"Người làm em,"
155,1,Hoài Lợi Dĩ Sự Kỳ Huynh,"Chỉ vì lợi mà phụng sự anh,"
155,2,Thị Quân Thần,"Thể là mối quan hệ vua và bề tôi,"
155,3,Phụ Tử,"Cha và con,"
155,4,Huynh Đệ Chung Khứ Nhân Nghĩa,"Anh và em, điều rời bỏ nhân nghĩa,"
155,5,Hoài Lợi Dĩ Tương Tiếp,Chỉ vì lợi mà giao tiếp với nhau ;
155,6,Nhiên Nhi Bất Vong Giả,"Làm vậy mà không diệt vong,"
155,7,Vị Chi Hữu Dã,Là chưa từng có vậy.
157,0,Tiên Sinh Dĩ Nhân Nghĩa,Nếu tiên sinh lấy nhân nghĩa
157,1,Thuyết Tần Sở Chi Vương,"Đi thuyết phục vua Tần, vua Sở,"
157,2,Tần Sở Chi Vương Duyệt Ư Nhân Nghĩa,"Vua Tần, vua Sở có thể đồng ý vì nhân nghĩa,"
157,3,Dĩ Bãi Tam Quân Chi Sư,Liền dừng (triệu tập) các sư đoàn trong ba quân
157,4,Thị Tam Quân Chi Sĩ Lạc Bãi,(không đánh nhau nữa).
157,5,Nhi Duyệt Ư Nhân Nghĩa Dã,Thế là các tướng sĩ trong ba quân vui vẻ vì được bãi binh
157,6,Vi Nhân Thần Giả,Mà lại vui mừng trong nhân nghĩa.
157,7,Hoài Nhân Nghĩa Dĩ Sự Kỳ Quân,"Người làm bề bôi,"
159,0,Vi Nhân Tử Giả,"Người làm con,"
159,1,Hoài Nhân Nghĩa Dĩ Sự Kỳ Phụ,"Vì nhân nghĩa mà phụng sự cha,"
159,2,Vi Nhân Đệ Giả,"Người làm em,"
159,3,Hoài Nhân Nghĩa Dĩ Sự Kỳ Huynh,"Vì nhân nghĩa mà phụng sự anh,"
159,4,Thị Quân Thần Phụ Tử,"Thế là mối quan hệ vua và bề tôi, cha và con,"
159,5,Huynh Đệ Khứ Lợi,"Anh và em, điều rời bỏ việc lợi,"
159,6,Hoài Nhân Nghĩa Dĩ Tương Tiếp Dã,Vì nhân nghĩa mà giao tiếp với nhau ;
159,7,Nhiên Nhi Bất Vượng Giả,"Làm vậy mà không thịnh vượng,"
161,0,Vị Chi Hữu Dã,Là chưa từng có vậy.
161,1,Hà Tất Viết Lợi,Vậy sao tiên sinh phải nói đến việc lợi ?
161,2,5 Mạnh Tử Cư Trâu,"5.Thầy Mạnh Tử ở nước Trâu,"
161,3,Quý Nhâm Vi Nhâm Xử Thủ,"Ông Quý Nhâm khi thay vua nước Nhâm xử lý việc nước,"
161,4,Dĩ Tệ Giao Thọ Chi Nhi Bất Báo,"Có đem lụa đến tặng, thầy Mạnh Tử nhận mà không đáp tạ."
161,5,Xử Ư Bình Lục,"Còn khi ở đất Bình Lục,"
161,6,Trừ Tử Vi Tướng,"Ông Trừ Tử đang làm quan tể tướng (nước Tề),"
161,7,Dĩ Tệ Giao Thọ Chi Nhi Bất Báo,"Có đem lụa đến tặng, thầy Mạnh Tử cũng nhận mà không đáp tạ."
163,0,Tha Nhật Do Trâu Chi Nhâm,"Ngày khác thầy Mạnh Tử đi từ nước Trâu đến nước Nhâm,"
163,1,Kiến Quý Tử,"Thì đến gặp ông Quý Tử,"
163,2,Do Bình Lục Chi Tề,"Nhưng khi đi từ đất Bình Lục đến nước Tề,"
163,3,Bất Kiến Trừ Tử,Thì thầy Mạnh Tử không đến gặp ông Trừ Tử.
163,4,Ốc Lư Tử Hỷ Viết,Người học trò Ốc Lư Tử thấy vui nói rằng :
163,5,Liên Đắc Gián Hỹ,“phen này ta có dịp hỏi thầy rồi ”.
163,6,Vấn Viết,Bèn hỏi thầy Mạnh Tử rằng :
163,7,Phu Tử Chi Nhâm Kiến Quý Tử,"Thưa thầy đến nước Nhâm thì vào gặp ông Quý Tử,"
165,0,Chi Tề Bất Kiến Trừ Tử,"Còn đến nước Tề thì không đến gặp ông Trừ Tử,"
165,1,Vi Kỳ Vi Tướng Dư,Do ông ta làm quan tể tướng (thấp hơn ông Quý Tử) sao ?
165,2,Viết Phi Dã,Thầy Mạnh Tử đáp : không phải vậy.
165,3,Thư Viết,Kinh Thư viết rằng :
165,4,Hưởng Đa Nghi Nghi Bất Cập Vật,"Dâng cúng thần linh phải đủ lễ tiết, nếu vật phẩm nhiều mà lễ tiết thiếu,"
165,5,Viết Bất Hưởng,Thì coi như chẳng dâng cúng.
165,6,Duy Bất Dịch Chí Vu Hưởng,Đó chỉ vì không để hết tâm chí vào việc dâng cúng thần linh vậy.
165,7,Vi Kỳ Bất Thành Hưởng Dã,Ta không đến thăm ông Trừ Tử vì ông ta chẳng chân thành khi tặng lụa.
167,0,Ốc Lư Tử Duyệt,Ốc Lư Tử (nghe vậy) rất vừa lòng.
167,1,Hoặc Vấn Chi,"Sau này có người hỏi về việc ấy,"
167,2,Ốc Lư Tử Viết,Ốc Lư Tử đáp :
167,3,Quý Tử Bất Đắc Chi Trâu,Ông Quý Tử (lúc đó đang thay vua trị nước nên) không đến nước Trâu
167,4,Trừ Tử Đắc Chi Bình Lục,"gặp thầy ta tặng lụa),"
167,5,6 Thuần Vu Khôn Viết,Còn ông Trừ Tử (lúc làm quan tể tướng) có thể đến đất Bình Lục (gặp
167,6,Tiên Danh Thật Giả Vi Nhân Dã,thầy ta tặng lụa mà ông ta không chịu đến).
167,7,Hậu Danh Thật Giả Tự Vị Dã,6.Ông Thuần Vu Khôn nói rằng :
169,0,Phu Tử Tại Tam Khanh Chi Trung,"Thầy ở nước Tề làm quan trong hàng tam khanh (quan lớn),"
169,1,Danh Thật Vị Gia Ư Thượng Hạ Nhi Khứ Chi,"danh dự sự nghiệp chưa giúp ích gì cho vua, cho dân, thế mà bỏ đi,"
169,2,Nhân Giả Cố Như Thử Hồ,người có lòng nhân lẽ nào chố chấp làm như thế ?
169,3,Mạnh Tử Viết,Thầy Mạnh Tử đáp :
169,4,Cư Hạ Vị,"* Ở địa vị thấp,"
169,5,Bất Dĩ Hiền Sự Bất Tiếu Giả,"Chẳng đem tài đức của mình đi phụng sự vị vua vô đạo,"
169,6,Bá Di Dã,Đó là ông Bá Di.
169,7,Ngũ Tựu Thang,* Năm lần đến với vua Thành Thang (thiện)
171,0,Ngũ Tựu Kiệt Giả,"Năm lần đến với vua Kiệt (ác),"
171,1,Y Doãn Dã,Đó là ông Y Doãn.
171,2,Bất Ố Ô Quân,"* Không ghét (khi phụng sự) vị vua vô đạo,"
171,3,Bất Từ Tiểu Quan Giả,"Không từ chối khi làm chức quan nhỏ,"
171,4,Liễu Hạ Huệ Dã,Đó là ông Liễu Hạ Huệ.
171,5,Tam Tử Giả Bất Đồng Đạo,"Ba ông ấy tuy không chung một đường lối,"
171,6,Kỳ Xu Nhất Dã,Nhưng đều hướng về cùng một mục đích.
171,7,Nhất Giả Hà Dã,Vậy mục đích ấy là gì ?
173,0,Viết Nhân Dã,Đó là lòng nhân.
173,1,Quân Tử Diệc Nhân Nhi Dĩ Hỹ,"Người quân tử mục đích cũng chỉ vì lòng nhân mà thôi,"
173,2,Hà Tất Đồng,Đâu cần thiết phải làm giống như nhau ?
173,3,Viết Lỗ Mục Công Chi Thời,"Thuần Vu Khôn nói : vào thời vua Lỗ Mục Công,"
173,4,Công Nghi Tử Vi Chính,"Có ông Công Nghi Tử (làm tể tướng) cầm quyền chánh sự,"
173,5,Tử Liễu Tử Tư Vi Thần,"Ông Tử Liễu, ông Tử Tư là bề tôi trợ giúp, (3 ông ấy rất có tài đức)"
173,6,Lỗ Chi Tước Dã Tư Thậm,Thế mà đất đai của nước Lỗ bị tước đoạt rất nhiều.
173,7,Nhược Thị Hồ Hiền Giả Chi,Như thế thì những người tài đức
175,0,Vô Ích Ư Quốc Dã,Không giúp ích gì cho quốc gia rồi.
175,1,Viết Ngu Bất Dụng Bách Lý Hề Nhi Vong,Thầy Mạnh Tử đáp :
175,2,Tần Mục Công Dụng Chi Nhi Bá,"vua nước Ngu không dùng ông Bách Lý Hề nên diệt vong,"
175,3,Bất Dụng Hiền Tắc Vong,Vua Tần Mục Công dùng ông ta mà nên nghiệp bá.
175,4,Tước Hà Khả Đắc Dư,"Vua mà không dùng bậc hiền đức thì đất nước bị diệt vong,"
175,5,Viết Tích Giả,Huống chi bị tước đoạt bớt đất đai thôi sao ?
175,6,Vương Báo Xử Ư Kỳ,"Thuần Vu Khôn nói : xưa kia,"
175,7,Nhi Hà Tây Thiện Âu,"Ông Vương Báo ở gần sông Kỳ (có tài dạy người ca hát),"
177,0,Miên Câu Xử Ư Cao Đường,"Ông Miên Câu ở đất Cao Đường (hát rất hay),"
177,1,Nhi Tề Hữu Thiện Ca,Nhờ vậy mà dân chúng phía hữu nước Tề hát hay.
177,2,Hoa Châu Kỷ Lương Chi Thê,"Vợ của (hai vị quan là) ông Hoa Châu, ông Kỷ Lương,"
177,3,Thiện Khóc Kỳ Phu Nhi Biến Quốc Tục,"Khéo khóc chồng chết trận, mà thay đổi cả phong tục trong nước."
177,4,Hữu Chư Nội Tất Hình Chư Ngoại,"Nên cái gì có ở bên trong, ắt hiện ra ngoài hình tướng."
177,5,Vi Kỳ Sự Nhi Vô Kỳ Công Giả,"Người làm nên sự nghiệp mà không tốn công sức,"
177,6,Khôn Vị Thường Đổ Chi Dã,Khôn tôi chưa từng thấy.
177,7,Thị Cố Vô Hiền Giả Dã,Vậy nên thời nay chẳng có bậc tài đức nào xuất hiện ;
179,0,Hữu Tắc Khôn Tất Thức Chi,Nếu có thì Khôn tôi ắt sẽ biết.
179,1,Viết Khổng Tử Vi Lỗ Tư Khấu,"Thầy Mạnh Tử đáp : đức Khổng Tử khi còn làm quan tư khấu ở nước Lỗ,"
179,2,Bất Dụng Tòng Nhi Tế,"Vua chẳng nghe theo, ngài đợi đến khi vua Lỗ làm lễ tế,"
179,3,Bàn Nhục Bất Chí,"(sau buổi tế vua mê vui chơi) không chia thịt tế cho các quan,"
179,4,Bất Thoát Miện Nhi Hành,(Thấy vậy) Ngài không đợi cởi mũ mà liền bỏ ra đi.
179,5,Bất Tri Giả Dĩ Vi Vi Nhục Dã,Kẻ không biết cho rằng ngài bỏ đi chỉ vì miếng thịt ;
179,6,Kỳ Tri Giả Dĩ Vi Vi Vô Lễ Dã,Người hiểu biết cho rằng ngài bỏ đi vì vua vô lễ.
179,7,Nãi Khổng Tử Tắc Dục Dĩ Vi Tội Hành,"Thì ra đức Khổng Tử mong vua Lỗ mắc lỗi nhỏ để ngài dễ ra đi,"
181,0,Bất Dục Vi Cẩu Khứ,Chứ ngài không muốn ra đi một cách tùy tiện.
181,1,Quân Tử Chi Sở Vi,"Người quân-tử khi làm gì,"
181,2,Chúng Nhân Cố Bất Thức Dã,Thì cố nhiên người đời không thể nào biết được vậy.
181,3,7 Mạnh Tử Viết,7.Thầy Mạnh Tử nói rằng :
181,4,Ngũ Bá Giả,"Năm vị Bá chủ (thời xuân thu),"
181,5,Tam Vương Chi Tội Nhân Dã,"(1.Tề Hoàn Công, 2.Tấn Văn Công, 3.Tần Mục Công, 4.Sở Trang Công, 5.Tống Tương Công)"
181,6,Kim Chi Chư Hầu,"Là tội nhân của ba đời Vương,"
181,7,Ngũ Bá Chi Tội Nhân Dã,"(1.Vua Vũ nhà Hạ, 2.vua Thang nhà Thương, 3.vua Văn Vương nhà Chu)"
183,0,Kim Chi Đại Phu,"Các quan đại-phu thời nay,"
183,1,Kim Chi Chư Hầu Chi Tội Nhân Dã,Là tội nhân của các vua chư-hầu hiện nay.
183,2,Thiên Tử Thích Chư Hầu Viết Tuấn Thú,Thiên-tử đến thăm vua chư-hầu gọi là Tuần Thú ;
183,3,Chư Hầu Triều Ư Thiên Tử Viết Thuật Chức,Các vua chư-hầu vào triều bái thiên-tử gọi là Thuật Chức.
183,4,Xuân Tỉnh Canh Nhi Bổ Bất Túc,"Mùa xuân họ đi coi việc cày cấy để bù thêm cho những ai không đủ,"
183,5,Thu Tĩnh Liễm Nhi Trợ Bất Cấp,Mùa thu đi xem việc thu hoạch để trợ giúp cho những ai không đủ dùng.
183,6,Nhập Kỳ Cương Thổ Địa Tịch,"Khi thiên-tử vào lãnh thổ nước chư-hầu nào, mà đất được mở mang,"
183,7,Điền Dã Trị Dưỡng Lão,"Ruộng vườn được trồng trọt, người già được nuôi dưỡng,"
185,0,Tôn Hiền Tuấn Kiệt Tại Vị,"Bậc hiền đức được tôn trọng, người tài giỏi có chức vị,"
185,1,Tắc Hữu Khánh Khánh Dĩ Địa,"Thì thiên-tử ban thưởng, ban thưởng là cho thêm đất."
185,2,Nhập Kỳ Cương Thổ Địa Hoang Vu,"Khi thiên-tử vào lãnh thổ nước chư-hầu nào, mà đất đai bị bỏ hoang,"
185,3,Di Lão Thất Hiền,"Người già bị bỏ rơi, bậc hiền đức chẳng được tôn trọng,"
185,4,Bồi Khắc Tại Vị Tắc Hữu Nhượng,"Bọn bóc lột dân ở địa vị cao, thì thiên-tử quở trách."
185,5,Nhất Bất Triều Tắc Biếm Kỳ Tước,"Nếu lần thứ nhất vua chư-hầu không vào triều bái, thì bị giáng chức,"
185,6,Tái Bất Triều Tắc Tước Kỳ Địa,"Lần thứ hai không vào triều bái, thị bị tước bớt đất đai."
185,7,Tam Bất Triều Tắc Lục Sư Di Chi,"Lần thứ ba không vào triều bái, thì thiên-tử dẫn 6 sư đoàn đi đánh dẹp."
187,0,Thị Cố Thiên Tử Thảo Nhi Bất Phạt,"Vậy nên thiên-tử đánh dẹp vua chư-hầu mà không chiếm đất,"
187,1,Chư Hầu Phạt Nhi Bất Thảo,Các vua chư-hầu (ngày nay) chiếm đất mà không đánh dẹp.
187,2,Ngũ Bá Giả,"Năm vị Bá chủ (thời xuân thu),"
187,3,Lâu Chư Hầu Dĩ Phạt Chư Hầu Giả Dã,"Thì dùng quyền lực lôi kéo chư-hầu để chiếm đất của chư-hầu,"
187,4,Cố Viết Ngũ Bá Giả,"Nên nói rằng : Năm vị Bá chủ (thời xuân thu),"
187,5,Tam Vương Chi Tội Nhân Dã,Là tội nhân của ba đời Vương.
187,6,Ngũ Bá Hoàn Công Vi Thạnh,"Trong năm vị Bá chủ, thì vua Tề Hoàn Công là cường thịnh nhất."
187,7,Quì Khâu Chi Hội Chư Hầu,"Ngài hội hợp các nước chư-hầu ở đất Quì Khâu,"
189,0,Thúc Sinh Thái Thư Nhi Bất Sáp Huyết,Trói giết con vật để làm điều ước liên minh (họ bôi máu qua môi) mà
189,1,Sơ Mệnh Viết,không uống máu con vật tế.
189,2,Tru Bất Hiếu,(Điều ước liên minh ấy viết là trung thành với thiên tử nhà Chu nội dung như sau)
189,3,Vô Dịch Thụ Tử,* Mệnh lệnh thứ 1 viết rằng :
189,4,Vô Dĩ Thiếp Vi Thê,"+ Giết kẻ bất hiếu,"
189,5,Tái Mệnh Viết,"+ Không thay đổi thế-tử,"
189,6,Tôn Hiền Dục Tài,+ Không lấy hầu thiếp lên làm vợ chính.
189,7,Dĩ Chương Hữu Đức,* Mệnh lệnh thứ 2 viết rằng :
191,0,Tam Mệnh Viết,* Mệnh lệnh thứ 3 viết rằng :
191,1,Kính Lão Tử Ấu,"+ Kín trọng người già, + thương yêu trẻ nhỏ,"
191,2,Vô Vong Lân Lữ,+ không quên tiếp các đãi lữ khách đến thăm.
191,3,Tứ Mệnh Viết,* Mệnh lệnh thứ 4 viết rằng :
191,4,Sĩ Vô Thế Quan,"+ Con cháu của công thần không được làm quan nếu không có tài đức,"
191,5,Quan Sự Vô Nhiếp,"+ Một vị quan không được kiêm nhiệm nhiều chức vụ,"
191,6,Thủ Sĩ Tất Đắc,+ Vua không được tự tiện giết quan đại-phu.
193,0,Ngũ Mệnh Viết,* Mệnh lệnh thứ 5 viết rằng :
193,1,Vô Khúc Phòng Vô Át Địch,"+ Không đắp đê cong lấn đất, + không ngăn cấm việc mua bán thóc lúa,"
193,2,Vô Hữu Phong Nhi Bất Cáo,+ không tự tiện phong thưởng cho ai mà không báo lên thiên-tử.
193,3,Viết Phàm Ngã Đồng Minh Chi Nhân,"Ngoài ra còn: chúng ta khi người nào tham gia điều ước đồng minh,"
193,4,Ký Minh Chi Hậu Ngôn Qui Ư Hảo,"Và đã ký vào điều ước đồng minh, thì lời nói phải hướng về sự hòa hảo."
193,5,Kim Chi Chư Hầu,"Ngày nay các vua chư-hầu,"
193,6,Giai Phạm Thử Ngũ Cấm,Đều vi phạm năm điều cấm ở trên.
193,7,Cố Viết Kim Chi Chư Hầu,"Cho nên nói rằng các vua-chư hầu hiện nay,"
195,0,Ngũ Bá Chi Tội Nhân Dã,Là tội nhân của năm vị Bá chủ (thời xuân thu).
195,1,Trưởng Quân Chi Ác Kỳ Tội Tiểu,"Bề tôi hùa theo việc xấu của vua, là tội nhỏ ;"
195,2,Phùng Quân Chi Ác Kỳ Tội Đại,"Bề tôi chỉ vua làm điều xấu, là tội lớn."
195,3,Kim Chi Đại Phu Giai Phùng Quân Chi Ác,"Các quan đại-phu thời nay đều chỉ vua làm điều xấu,"
195,4,Cố Viết Kim Chi Đại Phu,"Cho nên nói rằng các quan đại-phu thời nay,"
195,5,Kim Chi Chư Hầu Chi Tội Nhân Dã,Là tội nhân của các vua chư-hầu hiện nay vậy.
195,6,8 Lỗ Dục Sử Thận Tử Vi Tướng Quân,8.Vua Lỗ muốn sai ông Thận Tử làm tướng quân (đánh nước Tề lấy lại đất).
195,7,Mạnh Tử Viết,Thầy Mạnh Tử nói :
197,0,Bất Giáo Dân Nhi Dụng Chi,"Không dạy dân kỹ thuật đánh trận mà đem ra dùng,"
197,1,Vị Chi Ương Dân Ương Dân Giả,"Thì gọi là giết dân, kẻ giết dân chúng,"
197,2,Bất Dung Ư Nghiêu Thuấn Chi Thế,"ở vào thời vua Nghiêu, vua Thuấn thì không có đất dung thân."
197,3,Nhất Chiến Thắng Tề Toại Hữu Nam Dương,"Như Thận Tử một trận đánh mà thắng nước Tề, lấy lại đất Nam Dương,"
197,4,Nhiên Thả Bất Khả,Theo tôi thì chẳng nên đánh.
197,5,Thận Tử Bột Nhiên Bất Duyệt,"Thận Tử nghe được đột nhiên không vừa lòng,"
197,6,Viết Thử Tắc Hoạt Ly Sở Bất Thức Dã,Đáp rằng : Thầy nói điều đó Hoạt Ly tôi không hiểu.
197,7,Viết Ngô Minh Cáo Tử,"Thầy Mạnh Tử nói : để tôi trình bài cho ông được rõ,"
199,0,Thiên Tử Chi Địa Phương Thiên Lý,* Đất đai của thiên-tử theo phép thì có diện tích 1000 dặm vuông ;
199,1,Bất Thiên Lý,"Nếu diện tích đất không đủ,"
199,2,Bất Túc Dĩ Đãi Chư Hầu,Thì không đủ (tài vật) tiếp đãi (ban thưởng cho) các chư-hầu.
199,3,Chư Hầu Chi Địa Phương Bách Lý,* Đất đai của vua chư chầu theo phép có diện tích 100 dặm vuông ;
199,4,Bất Bách Lý,"Nếu diện tích đất không đủ,"
199,5,Bất Túc Dĩ Thủ Tông Miếu Chi Điển Tịch,Thì không đủ (tài vật) lấy đi cúng tế tổ tiên nơi tông miếu.
199,6,Chu Công Chi Phong Ư Lỗ,"* Chu Công được phong đất ở nước Lỗ,"
199,7,Vi Phương Bách Lý Dã,theo phép có diện tích 100 dặm vuông ;
201,0,Địa Phi Bất Túc,"đất đai nước Lỗ chẳng phải không đủ (hay nhiều hơn 100 dặm vuông),"
201,1,Nhi Kiệm Ư Bách Lý,Nhưng theo phép thì thâu gọn lại 100 dặm vuông.
201,2,Thái Công Chi Phong Ư Tề Dã,"* Thái Công (Khương Tử Nha) được phong đất ở nước Tề,"
201,3,Diệc Vi Phương Bách Lý Dã,theo phép có diện tích 100 dặm vuông ;
201,4,Địa Phi Bất Túc Dã,"đất đai nước Tề chẳng phải không đủ (hay nhiều hơn 100 dặm vuông),"
201,5,Nhi Kiệm Ư Bách Lý,Nhưng theo phép thì thâu gọn lại 100 dặm vuông.
201,6,Kim Lỗ Phương Bách Lý Giả Ngũ,"Ngày nay đất đai nước Lỗ nhiều gấp 5 lần theo phép là 100 dặm vuông,"
201,7,Tử Dĩ Vi Hữu Vương Giả Tác,"Như ông nói có một bậc thánh vương xuất hiện,"
203,0,Tắc Lỗ Tại Sở Tổn Hồ,Thì đất đai nước Lỗ bị bớt đi ?
203,1,Tại Sở Ích Hồ,Hay được tăng thêm ?
203,2,Đồ Thủ Chư Bỉ Dĩ Dữ Thử,"Cướp của người nọ mà cho người kia,"
203,3,Nhiên Thả Nhân Giả Bất Vi,"Hẳn nhiên là người nhân không làm,"
203,4,Huống Ư Sát Nhân Dĩ Cầu Chi Hồ,Huống chi giết người mà lấy lại đất sao ?
203,5,Quân Tử Chi Sự Quân Dã,"Người quân-tử phụng sự giúp vua,"
203,6,Vụ Dẫn Kỳ Quân Dĩ Đương Đạo,"Cốt là hướng dẫn vua nương theo đạo lý,"
203,7,Chí Ư Nhân Nhi Dĩ,đặt hết ý chí vào điều nhân mà thôi.
205,0,9 Mạnh Tử Viết,9.Thầy Mạnh Tử nói rằng :
205,1,Kim Chi Sự Quân Giả,"Người thời nay phụng sự giúp vua,"
205,2,Giai Viết,Đều nói rằng :
205,3,Ngã Năng Vi Quân Tịch Thổ Địa,"* “Tôi có thể giúp vua mở mang đất đai,"
205,4,Sung Phủ Khố,Và tích góp kho tàng nhiều thêm.”
205,5,Kim Chi Sở Vị Lương Thần,"Hiện nay những người bề tôi đó được cho là tốt,"
205,6,Cổ Chi Sở Vị Dân Tặc Dã,Còn ngày xưa những bề tôi đó gọi là giặc hại dân.
205,7,Quân Bất Hướng Đạo Bất Chí Ư Nhân,"Vua không hướng theo đạo lý, không đặt ý chí vào điều nhân."
207,0,Nhi Cầu Phú Chi Thị Phú Kiệt Dã,"Mà chỉ cầu được giàu có, đó là cách làm giàu theo vua Kiệt bạo ngược."
207,1,Ngã Năng Vị Quân Ước Dữ Quốc,"* (Cũng có kẻ nói) “Tôi giúp vua liên minh với các nước hùng mạnh,"
207,2,Chiến Tất Khắc,Có chuyện đánh nhau ắt sẽ thắng lợi.”
207,3,Kim Chi Sở Vị Lương Thần,"Hiện nay những người bề tôi đó được cho là tốt,"
207,4,Cổ Chi Sở Vị Dân Tặc Dã,Còn ngày xưa những bề tôi đó gọi là giặc hại dân.
207,5,Quân Bất Hướng Đạo Bất Chi Ư Nhân,"Vua không hướng theo đạo lý, không đặt ý chí vào điều nhân."
207,6,Nhi Cầu Vi Chi Cương Chiến,"Mà chỉ cầu được thế lực để gây chiến đánh nhau,"
207,7,Thị Phụ Kiệt Dã,Đó là giống như cách làm của vua Kiệt bạo ngược vậy.
209,0,Do Kim Chi Đạo,"Noi theo đạo lý của những kẻ hại dân ngày nay,"
209,1,Vô Biến Kim Chi Tục,"Thì không cải đổi được những thói xấu hiện tại,"
209,2,Tuy Dữ Chi Thiên Hạ,"Giả như đem thiên-hạ trao cho họ,"
209,3,Bất Năng Nhất Triều Cư Dã,Thì họ không thể giữ yên nổi trong một buổi sáng.
209,4,10 Bạch Khuê Viết,10.Ông Bạch Khuê hỏi rằng :
209,5,Ngô Dục Nhị Thập Nhi Thủ Nhất,"Tôi muốn đánh thuế 1/20 (tổng số hoa lợi hàng năm của dân),"
209,6,Hà Như,Thì sẽ như thế nào ?
209,7,Mạnh Tử Viết,Thầy Mạnh Tử đáp :
211,0,Tử Chi Đạo Mạch Đạo Dã,"Cách đánh thuế của ông, là cách làm của dân rợ mạch (miền bắc)."
211,1,Vạn Thất Chi Quốc Nhất Nhân Đào,"Như trong một nước có 10.000 nhà, mà chỉ có một người thợ gốm,"
211,2,Tắc Khả Hồ,Theo ông có thể được chăng ?
211,3,Viết Bất Khả,"Bạch Khuê nói : không thể được,"
211,4,Khí Bất Túc Dụng Dã,Như thế thì đồ gốm chẳng đủ dùng trong nước.
211,5,Viết Phù Mạch,"Thầy Mạnh Tử nói : ở xứ rợ mạch,"
211,6,Ngũ Cốc Bất Sinh,"Người ta không trồng năm giống lúa,"
211,7,Duy Thử Sinh Chi Vô Thành Quách,"Chỉ trồng có lúa mùa, họ không xây thành quách,"
213,0,Cung Thất Tông Miếu,"Cung thất, tông miếu,"
213,1,Tế Tự Chi Lễ,"Và tổ chức các nghi lễ tế tự,"
213,2,Vô Chư Hầu Tệ Bạch Ung San,"Xứ đó không tặng lễ vật, làm tiệc đãi các nước chư-hầu,"
213,3,Vô Bá Quan Hữu Tư,"Không có bá quan coi việc quản lý hành chính,"
213,4,Cố Nhị Thập Thủ Nhất Nhi Túc Dã,Cho nên họ đánh thuế dân 1/20 là đủ dùng.
213,5,Kim Cư Trung Quốc,"Còn nay ở xứ Trung Quốc của chúng ta,"
213,6,Khứ Nhân Luân Vô Quân Tử,"Bỏ đi luân lý làm người, không có người cai trị,"
213,7,Như Chi Hà Kỳ Khả Dã,Theo ông như thế có được không ?
215,0,Đào Dĩ Quả,"Đồ gốm sản xuất ra ít (không đủ dùng),"
215,1,Thả Bất Khả Dĩ Vi Quốc,"Còn không thể thành lập một quốc gia,"
215,2,Huống Vô Quân Tử Hồ,Huống chi việc không có người cai trị sao ?
215,3,Dục Khinh Chi Ư Nghiêu Thuấn Chi Đạo Giả,"Ông muốn đánh thuế nhẹ hơn thuế của vua Nghiêu, vua Thuấn đặt ra,"
215,4,Đại Mạch Tiểu Mạch Dã,"Là biến chúng ta thành dân rợ mạch lớn, so với dân rợ mạch nhỏ thôi."
215,5,Dục Trọng Chi Ư Nghiêu Thuấn Chi Đạo Giả,"Còn Ông muốn đánh thuế nặng hơn thuế của vua Nghiêu, vua Thuấn đặt ra,"
215,6,Đại Kiệt,"Thì ông trở thành vua Kiệt (bạo ngược bốc lột dân) lớn,"
215,7,Tiểu Kiệt Dã,So với vua Kiệt nhỏ thôi.
217,0,11 Bạch Khuê Viết,11.Ông Bạch Khuê nói rằng :
217,1,Đan Chi Trị Thủy Dã Dũ Ư Vũ,Đan tôi trị thủy còn giỏi hơn ông Vũ.
217,2,Mạnh Tử Viết Tử Quá Hỹ,Thầy Mạnh Tử nói : ông nói hơi quá.
217,3,Vũ Chi Trị Thủy Thủy Chi Đạo Dã,"Ông Vũ trị thủy, thì nương theo đạo tự nhiên của nước."
217,4,Thị Cố Vũ Dĩ Tứ Hải Vi Hác,Vậy nên ông Vũ khơi dẫn nước vào bốn biển để làm chổ chứa.
217,5,Kim Ngô Tử Dĩ Lân Quốc Vi Hác,Nay ông khơi dẫn nước vào quốc gia láng giềng để làm chổ chứa.
217,6,Thủy Nghịch Hành Vị Chi Giáng Thủy,"Thế nước chảy nghịch, thì nước chảy tràn ra ;"
217,7,Giáng Thủy Giả Hồng Thủy Dã,"Nước chảy tràn, là gặp nạn hồng thủy (lũ lụt),"
219,0,Nhân Nhân Chi Sở Ố Dã,Việc làm đó người có lòng nhân đều ghét.
219,1,Ngô Tử Quá Hỹ,Ông nói hơi quá rồi.
219,2,12 Mạnh Tử Viết,12.Thầy Mạnh Tử nói rằng :
219,3,Quân Tử Bất Lượng Ô Hồ Chấp,"Người quân-tử mà chẳng sáng suốt, thật cố chấp làm sao ?"
219,4,13 Lỗ Dục Sử Nhạc Chính Tử Vi Chính,13.Vua Lỗ muốn mời người học trò Nhạc Chính Tử ra làm quan.
219,5,Mạnh Tử Viết,Thầy Mạnh Tử nói :
219,6,Ngô Văn Chi,"Ta nghe được điều ấy,"
219,7,Hỷ Nhi Bất Mỵ,Vui mừng đến không ngủ được.
221,0,Công Tôn Sửu Viết,Học trò Công Tôn Sửu hỏi :
221,1,Nhạc Chính Tử Cường Hồ,Thưa (huynh) Nhạc Chính Tử có điểm mạnh gì chăng ?
221,2,Viết Phủ,Thầy Mạnh Tử đáp : không có.
221,3,Hữu Trí Lự Hồ,Công Tôn Sửu hỏi : thưa vậy có mưu trí gì chăng ?
221,4,Viết Phủ,Thầy Mạnh Tử đáp : không có.
221,5,Đa Văn Thức Hồ,Công Tôn Sửu hỏi : thưa vậy có học rộng biết nhiều chăng ?
221,6,Viết Phủ,Thầy Mạnh Tử đáp : không có.
221,7,Nhiên Tắc Hề Vi Hỷ Nhi Bất Mỵ,Thưa vậy sao thầy vui mừng (vì huynh ấy) đến không ngủ được.
223,0,Viết Kỳ Vi Nhân Dã Hảo Thiện,Thầy Mạnh Tử đáp : vì trò ấy là người ham thích điều thiện.
223,1,Hảo Thiện Túc Hồ,Công Tôn Sửu hỏi : thưa thích điều thiện có đủ khả năng làm quan sao ?
223,2,Viết Hảo Thiện Ưu Ư Thiên Hạ,"Thầy Mạnh Tử đáp : người thích điều thiện dư sức trị thiên-hạ,"
223,3,Nhi Huống Lỗ Quốc Hồ,Huống hồ làm quan cho nước Lỗ ?
223,4,Phù Cẩu Hảo Thiện,"Này nếu người ham thích điều thiện,"
223,5,Tắc Tứ Hải Chi Nội,"Thì mọi người (hiền đức) trong bốn biển,"
223,6,Giai Tương Khinh Thiên Lý,Đều chẳng ngại đường xa nghìn dặm
223,7,Nhi Lai Cáo Chi Dĩ Thiện,Mà đến chỉ bảo giúp đỡ cho người háo thiện đó.
225,0,Phù Cẩu Bất Hảo Thiện,"Còn người chẳng ham thích điều thiện,"
225,1,Tắc Nhân Tương Viết,Thì người đời sẽ nói rằng :
225,2,Di Di Dư Ký Dĩ Tri Chi Hỹ,"Kẻ đó dương dương tự đắc, như ta đây đã biết rồi vậy."
225,3,Di Di Chi Thanh Âm Nhan Sắc,"Giọng nói và vẻ mặt của kẻ đó dương dương tự đắc ấy,"
225,4,Cự Nhân Ư Thiên Lý Chi Ngoại,Làm cho những người (hiền đức) ở xa nghìn dặm phải giữ khoảng cách.
225,5,Sĩ Chỉ Ư Thiên Lý Chi Ngoại,"Khi những người học thức ở xa nghìn dặm phải giữ khoảng cách,"
225,6,Tắc Sàm Siểm Diện Du Chi Nhân Chí Hỹ,Thì những bọn gièm pha nịnh hót và phường bợ đỡ trước mặt sẽ kéo đến.
225,7,Dữ Sàm Siểm Diện Du Chi Nhân Cư,Cùng sống chung với
227,0,Quốc Dục Trị,"Mà muốn quốc gia được an trị,"
227,1,Khả Đắc Hồ,Liệu có được hay chăng ?
227,2,14 Trần Tử Viết,14.Học trò Trần Tử hỏi rằng :
227,3,Cổ Chi Quân Tử Hà Như Tắc Sĩ,"Người quân-tử thời xưa, có điều kiện như thế nào mới ra làm quan ?"
227,4,Mạnh Tử Viết,Thầy Mạnh Tử đáp :
227,5,Sở Tựu Tam Sở Khứ Tam,"Có ba điều để ra làm quan, có ba điều để từ quan."
227,6,Nghênh Chi Chí Kính Dĩ Hữu Lễ,"* Vua lấy lễ đón tiếp ta hết sức cung kính,"
227,7,Ngôn Tương Hành Kỳ Ngôn Dã,"Chịu nghe theo lời khuyên và đem chúng ra thi hành,"
229,0,Tắc Tựu Chi,Thì nên ra làm quan ;
229,1,Lễ Mạo Vị Suy,"Còn vua chỉ lễ phép với ta ở bề ngoài (trong lòng thì xem nhẹ),"
229,2,Ngôn Phất Hành Dã Tắc Khứ Chi,"Không nghe theo lời khuyên và đem chúng ra thi hành, thì từ quan ra đi."
229,3,Kỳ Thứ Tuy Vị Hành Kỳ Ngôn Dã,"* Trường hợp thứ hai, tuy vua chưa chịu nghe theo lời khuyên của ta,"
229,4,Nghênh Chi Chí Kính Dĩ Hữu Lễ,"Nhưng lấy lễ đón tiếp ta hết sức cung kính,"
229,5,Tắc Tựu Chi,Thì nên ra làm quan ;
229,6,Lễ Mạo Suy Tắc Khứ Chi,"Còn khi vua đối đãi ta lễ mạo suy kém, thì từ quan ra đi."
229,7,Kỳ Hạ,"* Trường hợp thứ ba, (khi người quân-tử lo học đạo)"
231,0,Triều Bất Thực Tịch Bất Thực,"Đến nỗi buổi sáng không ăn, buổi chiều không ăn,"
231,1,Cơ Ngạ Bất Năng Xuất Môn Hộ,Đói lã người không còn sức ra khỏi cửa nhà ;
231,2,Quân Văn Chi,"Vua nghe thấy vậy,"
231,3,Viết Ngô Đại Giả Bất Năng Hành Kỳ Đạo,"Nói rằng : việc đó lớn quá ta không đủ khả năng làm theo đạo ấy,"
231,4,Hựu Bất Năng Tòng Kỳ Ngôn Dã,"Lại không thể nghe theo lời khuyên được,"
231,5,Sử Cơ Ngạ Ư Ngã Thổ Địa,"Nhưng để người quân-tử ấy chết đói trên đất nước của ta,"
231,6,Ngô Sỉ Chi,Ta lấy làm hổ thẹn.
231,7,Chu Chi Diệc Khả Thọ Dã,"Lâm vào cảnh ấy nếu vua chu cấp lương thực, thì cũng nên nhận lấy."
233,0,Miễn Tử Nhi Dĩ Hỹ,Để thoát khỏi cảnh chết đói mà thôi.
233,1,15 Mạnh Tử Viết,15.Thầy Mạnh Tử nói rằng :
233,2,Thuấn Phát Ư Quyến Mẫu Chi Trung,"Vua Thuấn xuất thân từ trong dân cày ruộng,"
233,3,Phó Duyệt Cử Ư Bản Trúc Chi Gian,"Ông Phó Duyệt tiến thân từ một gian nhà tranh,"
233,4,Giao Cách Cử Ư Ngư Diêm Chi Trung,"Ông Giao Cách tiến thân từ trong dân bán cá muối,"
233,5,Quản Di Ngô Cử Ư Sĩ,"Ông Quản Di Ngô tiến thân từ một người học trò nghèo,"
233,6,Tôn Thúc Ngao Cử Ư Hải,"Ông Tôn Thúc Ngao tiến thân từ một vùng mé biển,"
233,7,Bách Lý Hề Cử Ư Thị,Ông Bách Lý Hề tiến thân từ nơi chợ búa.
235,0,Cố Thiên Tương Giáng Đại Nhiệm Ư Thị Dân Dã,Cho nên khi trời muốn trao trách nhiệm lớn nào cho ai.
235,1,Tất Tiên Khổ Kỳ Tâm Chí,"ắt trước hết sẽ làm khổ tâm chí họ,"
235,2,Lao Kỳ Cân Cốt Ngã Kỳ Thể Phu,"làm mệt nhọc gân cốt, khiến gầy mòn vì thiếu ăn,"
235,3,Không Phạp Kỳ Thân,"khiến thân phải chịu cảnh thiếu thốn đủ thứ,"
235,4,Hành Phật Loạn Kỳ Sở Vi,gây ra cảnh ngang trái khi làm việc ;
235,5,Sở Dĩ Động Tâm Nhẫn Tính,"cốt để giúp tâm họ có đức tính khiên nhẫn và,"
235,6,Tăng Ích Kỳ Sở Bất Năng,Giúp tăng thêm những điều họ chưa có khả năng
235,7,Nhân Hằng Quá Nhiên Hậu Năng Cải,(đức hạnh và tài năng).
237,0,Khốn Ư Tâm Hành Ư Lự,"Người có chuyện khốn khổ trong tâm, mới biết cân nhắc rồi lo lắng,"
237,1,Nhi Hậu Tác,Mà sau phấn đấu làm nên việc.
237,2,Trưng Ư Sắc Phát Ư Thanh,"Xem vẻ mặt của người, nghe lời nói của người,"
237,3,Nhi Hậu Dụ,Về sau mới biết việc làm của mình có hợp đạo lý hay không.
237,4,Nhập Tắc Vô Pháp Gia Bật Sĩ,"Vào một nước mà những gia tộc không biết giữ phép tắc, kẻ sĩ bị hất hủi,"
237,5,Xuất Tắc Vô Địch Quốc Ngoại Hoạn Giả,"Hướng ra không lo lắng các quốc gia thù địch bên ngoài,"
237,6,Quốc Hằng Vong,Thì nước ấy sẽ có ngày diệt vong.
237,7,Nhiên Hậu Tri Sinh Ư Ưu Hoạn,"Vậy sau ta mới biết : sự sống sinh ra từ trong ưu hoạn,"
239,0,Nhi Tử Ư An Lạc Dã,Mà cái chết đến trong lúc an lạc vậy.
239,1,16 Mạnh Tử Viết,16.Thầy Mạnh Tử nói rằng :
239,2,Giáo Diệc Đa Thuật Hỹ,Dạy người cũng có rất nhiều cách.
239,3,Dư Bất Tiết Chi Giáo Hối Dã Giả,"Khi ta từ chối không dạy người,"
239,4,Thị Diệc Giáo Hối Chi Nhi Dĩ Hỹ,Thì đó cũng xem như dạy họ rồi vậy.
